subject_id,index_date,outcome,score_fs_dep,score_dm,score_copd,score_chf,score_htn,total_score,split_set,predicted_risk_recalibrated
771,1982-02-09,1,0,1,0,0,1,2,train,0.4707012710988648
21,1982-02-28,0,0,1,0,0,0,1,train,0.4891589190441366
169,1983-05-07,0,1,1,0,1,0,3,train,0.45232340498369256
157,1984-05-26,1,0,1,1,0,1,3,train,0.45232340498369256
1264,1984-07-03,0,1,1,1,1,1,5,train,0.41600285991259406
842,1984-11-04,1,0,1,1,0,1,3,train,0.45232340498369256
1362,1987-09-17,0,0,1,0,0,0,1,train,0.4891589190441366
636,1987-09-21,1,0,1,1,0,1,3,train,0.45232340498369256
817,1988-12-17,1,0,1,0,0,0,1,train,0.4891589190441366
199,1989-01-21,0,1,1,0,0,0,2,train,0.4707012710988648
1006,1989-04-01,0,1,1,0,0,0,2,train,0.4707012710988648
1234,1989-08-07,0,1,1,0,0,0,2,train,0.4707012710988648
1405,1990-01-16,1,1,1,0,0,1,3,train,0.45232340498369256
517,1990-03-06,1,0,1,1,1,1,4,train,0.4340746283403008
302,1991-08-21,0,1,1,1,0,0,3,train,0.45232340498369256
561,1992-02-04,1,1,0,0,0,1,2,train,0.4707012710988648
183,1992-10-06,0,0,1,0,0,0,1,train,0.4891589190441366
608,1993-01-25,1,0,1,0,0,1,2,train,0.4707012710988648
71,1993-06-16,1,0,1,1,1,1,4,train,0.4340746283403008
400,1993-09-06,0,0,1,1,1,1,4,train,0.4340746283403008
362,1994-02-03,0,0,0,0,1,1,2,train,0.4707012710988648
777,1994-04-17,0,1,1,1,0,1,4,train,0.4340746283403008
653,1995-09-24,0,0,1,0,0,0,1,train,0.4891589190441366
1202,1995-12-14,1,0,1,1,0,1,3,train,0.45232340498369256
928,1996-05-28,1,1,1,0,0,1,3,train,0.45232340498369256
745,1996-07-09,0,0,1,1,0,0,2,train,0.4707012710988648
570,1997-02-20,1,0,1,0,1,1,3,train,0.45232340498369256
1381,1997-12-16,0,0,1,0,1,1,3,train,0.45232340498369256
530,1998-02-01,0,0,1,0,0,0,1,train,0.4891589190441366
731,1998-04-24,1,0,1,0,0,1,2,train,0.4707012710988648
956,1998-07-06,1,0,1,1,0,1,3,train,0.45232340498369256
263,1998-09-05,0,0,1,0,0,1,2,train,0.4707012710988648
976,1999-01-05,0,1,1,0,0,0,2,train,0.4707012710988648
386,1999-04-24,1,0,1,1,1,0,3,train,0.45232340498369256
269,1999-06-23,1,0,0,1,0,0,1,train,0.4891589190441366
647,1999-07-29,0,0,1,0,1,1,3,train,0.45232340498369256
513,1999-11-16,0,1,1,0,0,0,2,train,0.4707012710988648
1288,1999-12-26,0,1,0,0,0,1,2,train,0.4707012710988648
1356,2001-02-17,0,0,1,1,0,0,2,train,0.4707012710988648
415,2001-05-29,1,0,1,0,0,1,2,train,0.4707012710988648
847,2001-10-05,0,0,1,1,0,0,2,train,0.4707012710988648
1254,2001-11-28,1,0,1,0,0,0,1,train,0.4891589190441366
245,2003-03-15,0,0,1,0,1,1,3,train,0.45232340498369256
96,2003-04-22,0,1,1,1,0,1,4,train,0.4340746283403008
162,2003-09-21,1,0,1,0,1,0,2,train,0.4707012710988648
1170,2004-01-11,0,0,0,0,1,1,2,train,0.4707012710988648
393,2004-03-02,1,1,1,1,1,0,4,train,0.4340746283403008
1199,2004-03-11,0,1,1,1,0,0,3,train,0.45232340498369256
413,2005-02-12,0,1,1,0,1,1,4,train,0.4340746283403008
824,2005-05-10,1,0,1,0,0,1,2,train,0.4707012710988648
1073,2006-05-29,0,0,1,0,0,0,1,train,0.4891589190441366
823,2006-07-18,1,0,1,0,1,1,3,train,0.45232340498369256
1322,2006-11-02,1,0,1,1,0,0,2,train,0.4707012710988648
607,2007-08-11,0,0,1,1,1,0,3,train,0.45232340498369256
56,2007-09-19,1,0,1,1,0,1,3,train,0.45232340498369256
1024,2007-11-06,0,0,1,0,0,0,1,train,0.4891589190441366
1020,2008-02-01,1,0,1,0,1,1,3,train,0.45232340498369256
953,2008-09-18,0,1,1,0,1,1,4,train,0.4340746283403008
445,2008-11-06,1,0,1,1,0,0,2,train,0.4707012710988648
164,2009-03-06,1,0,1,0,0,0,1,train,0.4891589190441366
1457,2010-04-08,1,0,0,1,1,0,2,train,0.4707012710988648
242,2010-05-05,1,0,1,1,0,0,2,train,0.4707012710988648
939,2010-06-04,0,0,1,1,0,0,2,train,0.4707012710988648
1027,2010-11-02,0,0,1,1,0,1,3,train,0.45232340498369256
155,2012-04-07,1,0,1,0,1,1,3,train,0.45232340498369256
826,2012-12-18,1,1,1,0,0,0,2,train,0.4707012710988648
1214,2013-08-18,0,1,1,1,0,1,4,train,0.4340746283403008
381,2014-06-12,1,0,1,0,0,0,1,train,0.4891589190441366
72,2014-07-29,1,1,1,0,1,1,4,train,0.4340746283403008
186,2014-08-01,1,0,1,1,0,0,2,train,0.4707012710988648
405,2015-01-02,0,0,1,0,0,0,1,train,0.4891589190441366
987,2015-02-20,0,1,1,0,0,1,3,train,0.45232340498369256
527,2015-04-22,0,1,1,1,1,0,4,train,0.4340746283403008
863,2015-07-18,0,1,1,1,0,0,3,train,0.45232340498369256
392,2015-09-24,1,0,1,0,0,1,2,train,0.4707012710988648
75,2015-12-06,1,0,1,1,1,0,3,train,0.45232340498369256
695,2016-08-10,1,0,1,0,0,0,1,train,0.4891589190441366
97,2016-08-14,0,0,1,0,0,1,2,train,0.4707012710988648
319,2016-08-31,1,0,1,0,1,1,3,train,0.45232340498369256
353,2016-09-12,1,1,0,0,0,0,1,train,0.4891589190441366
352,2016-12-10,0,0,1,0,1,0,2,train,0.4707012710988648
674,2017-01-28,0,0,1,0,0,0,1,train,0.4891589190441366
1330,2017-02-10,0,1,1,0,0,1,3,train,0.45232340498369256
216,2017-05-25,0,0,1,0,1,1,3,train,0.45232340498369256
307,2017-07-23,0,0,1,0,1,0,2,train,0.4707012710988648
1143,2017-11-01,0,0,1,0,0,0,1,train,0.4891589190441366
775,2017-12-28,1,0,1,0,0,1,2,train,0.4707012710988648
80,2018-01-19,0,0,1,1,0,1,3,train,0.45232340498369256
1178,2018-02-16,0,0,1,0,0,0,1,train,0.4891589190441366
314,2018-02-25,0,0,1,1,1,1,4,train,0.4340746283403008
427,2018-03-20,0,0,1,1,0,1,3,train,0.45232340498369256
1176,2018-04-04,0,1,0,0,0,0,1,train,0.4891589190441366
151,2018-04-21,1,0,1,0,1,0,2,train,0.4707012710988648
31,2018-05-28,1,0,1,1,0,0,2,train,0.4707012710988648
518,2018-06-25,1,0,1,0,1,0,2,train,0.4707012710988648
764,2018-09-13,1,0,1,0,0,0,1,train,0.4891589190441366
526,2018-10-01,0,1,0,0,1,0,2,train,0.4707012710988648
831,2018-10-24,1,1,1,0,0,0,2,test,0.4707012710988648
708,2018-11-27,1,1,1,0,1,1,4,test,0.4340746283403008
691,2019-01-24,1,1,1,0,0,1,3,test,0.45232340498369256
113,2019-02-24,0,1,1,0,0,1,3,test,0.45232340498369256
930,2019-03-17,1,0,1,1,1,0,3,test,0.45232340498369256
521,2019-03-21,0,0,1,0,0,1,2,test,0.4707012710988648
590,2019-04-08,1,0,1,0,1,0,2,test,0.4707012710988648
660,2019-04-21,1,1,1,1,0,1,4,test,0.4340746283403008
1104,2019-05-16,0,0,1,0,0,0,1,test,0.4891589190441366
574,2019-07-01,1,0,1,0,0,1,2,test,0.4707012710988648
1077,2019-07-26,0,0,0,0,0,1,1,test,0.4891589190441366
226,2019-08-01,0,1,1,0,0,1,3,test,0.45232340498369256
1151,2019-08-07,0,0,1,0,0,0,1,test,0.4891589190441366
332,2019-08-28,1,1,1,1,0,1,4,test,0.4340746283403008
794,2019-09-11,1,1,1,0,0,0,2,test,0.4707012710988648
1366,2019-10-03,0,1,1,1,1,1,5,test,0.41600285991259406
50,2019-10-25,0,0,0,0,0,0,0,test,0.5076461754353939
485,2019-12-30,0,0,1,0,1,0,2,test,0.4707012710988648
486,2020-02-05,0,0,1,0,1,0,2,test,0.4707012710988648
560,2020-03-31,0,1,1,1,1,1,5,test,0.41600285991259406
264,2020-06-05,0,0,1,0,0,1,2,test,0.4707012710988648
1159,2020-07-06,0,0,1,0,1,1,3,test,0.45232340498369256
1107,2020-07-20,0,0,0,1,0,1,2,test,0.4707012710988648
1019,2020-10-15,0,0,1,0,0,0,1,test,0.4891589190441366
214,2020-10-22,1,1,1,1,1,0,4,test,0.4340746283403008
893,2020-12-05,1,0,1,0,1,1,3,test,0.45232340498369256
48,2020-12-06,0,0,1,0,1,1,3,test,0.45232340498369256
1008,2020-12-26,0,0,1,0,0,1,2,test,0.4707012710988648
1022,2021-01-11,0,1,1,1,0,1,4,test,0.4340746283403008
1250,2021-05-04,1,0,0,0,0,1,1,test,0.4891589190441366
1305,2021-05-24,0,1,0,0,0,0,1,test,0.4891589190441366
1431,2021-06-14,1,0,1,0,0,0,1,test,0.4891589190441366
408,2021-06-29,0,0,0,1,0,0,1,test,0.4891589190441366
1146,2021-10-14,0,0,1,0,1,0,2,test,0.4707012710988648
1376,2021-11-09,0,0,1,0,0,0,1,test,0.4891589190441366
1137,2022-01-02,0,0,1,0,1,1,3,test,0.45232340498369256
1085,2022-03-19,1,0,1,1,0,1,3,test,0.45232340498369256
421,2022-03-23,1,0,0,0,0,0,0,test,0.5076461754353939
1046,2022-04-29,0,0,1,0,1,1,3,test,0.45232340498369256
910,2022-05-14,0,0,0,1,0,0,1,test,0.4891589190441366
601,2022-05-25,1,0,1,0,0,0,1,test,0.4891589190441366
788,2022-06-25,1,0,1,0,1,1,3,test,0.45232340498369256
213,2022-07-01,0,1,0,0,0,1,2,test,0.4707012710988648
135,2022-08-16,0,0,1,1,0,1,3,test,0.45232340498369256
816,2022-08-30,0,0,0,0,1,1,2,test,0.4707012710988648
1350,2022-09-08,1,1,1,0,0,1,3,test,0.45232340498369256
136,2022-09-29,1,1,1,0,0,0,2,test,0.4707012710988648
854,2022-09-30,0,1,1,0,1,1,4,test,0.4340746283403008
1468,2022-10-02,1,0,1,1,0,1,3,test,0.45232340498369256
1340,2022-11-19,0,0,1,1,0,1,3,test,0.45232340498369256
1465,2023-02-07,1,0,1,1,0,0,2,test,0.4707012710988648
598,2023-02-13,0,0,1,1,0,1,3,test,0.45232340498369256
974,2023-02-23,0,0,1,1,0,1,3,test,0.45232340498369256
1349,2023-03-28,0,1,1,0,1,1,4,test,0.4340746283403008
1065,2023-04-09,1,0,1,1,0,1,3,test,0.45232340498369256
1347,2023-04-11,0,0,0,0,1,0,1,test,0.4891589190441366
965,2023-05-13,0,1,1,0,0,1,3,test,0.45232340498369256
40,2023-05-21,0,0,1,0,1,0,2,test,0.4707012710988648
1328,2023-05-25,0,0,1,0,0,0,1,test,0.4891589190441366
224,2023-06-09,0,0,1,0,0,1,2,test,0.4707012710988648
308,2023-08-18,0,0,1,1,0,1,3,test,0.45232340498369256
977,2023-09-24,0,0,1,1,0,1,3,test,0.45232340498369256
122,2023-11-08,1,0,1,1,0,0,2,test,0.4707012710988648
84,2024-01-08,1,0,1,0,0,1,2,test,0.4707012710988648
880,2024-01-29,0,0,1,1,0,1,3,test,0.45232340498369256
1219,2024-01-30,0,1,1,1,1,0,4,test,0.4340746283403008
390,2024-02-03,0,1,1,0,1,1,4,test,0.4340746283403008
1439,2024-03-08,0,0,1,0,0,1,2,test,0.4707012710988648
675,2024-03-17,1,0,1,1,0,1,3,test,0.45232340498369256
465,2024-04-22,0,1,1,0,0,1,3,test,0.45232340498369256
1070,2024-05-18,1,0,1,1,1,1,4,test,0.4340746283403008
161,2024-06-13,0,0,1,0,0,0,1,test,0.4891589190441366
720,2024-06-20,0,0,1,0,0,1,2,test,0.4707012710988648
36,2024-07-14,1,0,1,1,1,0,3,test,0.45232340498369256
844,2024-08-07,0,0,1,0,1,0,2,test,0.4707012710988648
1229,2024-10-23,1,0,0,0,0,0,0,test,0.5076461754353939
1451,2024-10-24,1,1,1,0,0,0,2,test,0.4707012710988648
371,2024-11-05,0,0,1,0,0,1,2,test,0.4707012710988648
1079,2024-12-16,0,0,1,0,0,1,2,test,0.4707012710988648
1205,2025-02-08,0,0,1,0,0,1,2,test,0.4707012710988648
604,2025-02-14,0,1,1,1,1,1,5,test,0.41600285991259406
972,2025-03-07,0,0,0,0,0,0,0,test,0.5076461754353939
305,2025-04-24,0,0,1,0,0,1,2,test,0.4707012710988648
1423,2025-05-17,1,0,1,1,0,0,2,test,0.4707012710988648
1093,2025-08-29,0,0,1,0,0,1,2,test,0.4707012710988648
350,2025-09-20,0,1,0,1,0,0,2,test,0.4707012710988648
581,2025-10-01,0,0,1,0,0,1,2,test,0.4707012710988648
808,2025-11-17,0,0,1,0,1,0,2,test,0.4707012710988648
963,2025-12-16,1,1,1,1,0,0,3,test,0.45232340498369256
1134,2026-01-05,1,0,0,0,0,1,1,test,0.4891589190441366
1355,2026-01-08,0,0,1,0,0,0,1,test,0.4891589190441366
1194,2026-03-19,0,0,0,0,1,1,2,test,0.4707012710988648
701,2026-03-28,0,1,1,0,0,1,3,test,0.45232340498369256
964,2026-03-28,0,0,1,1,0,1,3,test,0.45232340498369256
1302,2026-04-06,0,0,0,0,0,1,1,test,0.4891589190441366
1076,2026-05-29,0,0,1,0,0,1,2,test,0.4707012710988648
747,2026-06-09,1,0,1,0,0,1,2,test,0.4707012710988648
629,2026-07-10,0,0,1,1,0,1,3,test,0.45232340498369256
