covariate_id,covariate_name,domain,n_positive,n_total,n_missing,mean_points
age_60_69,Age 60-69 years at index,observation,21,195,174,0.2153846153846154
age_70_79,Age 70-79 years at index,observation,19,195,176,0.38974358974358975
age_ge80,Age 80 or more years at index,observation,48,195,147,1.476923076923077
female,Female sex,observation,109,195,0,0.558974358974359
nonwhite,Non-White race,observation,46,195,0,0.4717948717948718
ambu_deficit,Ambulatory deficit (use of any ambulatory device),auto,75,195,0,1.1538461538461537
tissue_loss,Tissue loss (CLI indication — wound ulcer or gangrene),condition,98,195,0,1.5076923076923077
anemia,Anemia (Hgb less than 10 g/dL),measurement,60,195,135,0.6153846153846154
insulin_dep,Insulin-dependent diabetes mellitus,drug,89,195,0,0.9128205128205128
