subject_id,index_date,outcome,score_htn,score_chf,score_cad,score_pvd,score_dm,score_copd,score_renal_impairment,score_anemia,score_underweight,score_nonambulatory,total_score,split_set,predicted_risk_recalibrated
771,1982-02-09,0,1,1,0,1,1,0,0,1,0,1,6,train,2.9007014654683513e-12
21,1982-02-28,0,0,1,0,1,1,0,1,1,0,1,6,train,2.9007014654683513e-12
169,1983-05-07,0,0,1,0,1,1,0,1,1,0,0,5,train,2.9007014654683513e-12
157,1984-05-26,0,1,1,1,1,1,1,0,0,0,1,7,train,2.900701465468341e-12
1264,1984-07-03,0,1,1,1,0,1,1,0,1,0,0,6,train,2.9007014654683513e-12
842,1984-11-04,0,1,1,1,1,1,1,1,1,0,1,9,train,2.9007014654683307e-12
1362,1987-09-17,0,0,0,0,1,1,0,0,1,0,0,3,train,2.9007014654683614e-12
636,1987-09-21,0,1,0,1,1,1,1,0,1,0,1,7,train,2.900701465468341e-12
817,1988-12-17,0,0,0,0,1,1,0,1,1,0,1,5,train,2.9007014654683513e-12
199,1989-01-21,0,0,1,1,1,1,0,1,1,0,1,7,train,2.900701465468341e-12
1006,1989-04-01,0,0,1,0,1,1,0,1,1,0,1,6,train,2.9007014654683513e-12
1234,1989-08-07,0,0,0,0,1,1,0,0,1,0,0,3,train,2.9007014654683614e-12
1405,1990-01-16,0,1,0,0,1,1,0,0,1,0,1,5,train,2.9007014654683513e-12
517,1990-03-06,0,1,1,1,1,1,1,1,1,0,0,8,train,2.900701465468341e-12
302,1991-08-21,0,0,1,0,1,1,1,0,1,0,1,6,train,2.9007014654683513e-12
561,1992-02-04,0,1,0,0,1,0,0,0,0,0,0,2,train,2.900701465468372e-12
183,1992-10-06,0,0,0,1,1,1,0,1,1,0,1,6,train,2.9007014654683513e-12
608,1993-01-25,0,1,1,0,1,1,0,1,0,0,1,6,train,2.9007014654683513e-12
71,1993-06-16,0,1,1,0,1,1,1,1,0,0,1,7,train,2.900701465468341e-12
400,1993-09-06,0,1,1,0,1,1,1,0,1,0,0,6,train,2.9007014654683513e-12
362,1994-02-03,0,1,1,0,1,0,0,0,1,0,1,5,train,2.9007014654683513e-12
777,1994-04-17,0,1,1,1,0,1,1,0,0,0,0,5,train,2.9007014654683513e-12
653,1995-09-24,0,0,0,0,1,1,0,1,0,0,1,4,train,2.9007014654683614e-12
1202,1995-12-14,0,1,0,0,1,1,1,1,1,0,0,6,train,2.9007014654683513e-12
928,1996-05-28,0,1,1,0,1,1,0,1,1,0,1,7,train,2.900701465468341e-12
745,1996-07-09,0,0,1,1,1,1,1,1,1,0,1,8,train,2.900701465468341e-12
570,1997-02-20,0,1,1,0,0,1,0,1,0,0,0,4,train,2.9007014654683614e-12
1381,1997-12-16,0,1,1,0,1,1,0,0,1,0,0,5,train,2.9007014654683513e-12
530,1998-02-01,0,0,0,0,1,1,0,0,1,0,0,3,train,2.9007014654683614e-12
731,1998-04-24,0,1,1,0,0,1,0,0,1,0,0,4,train,2.9007014654683614e-12
956,1998-07-06,0,1,0,0,1,1,1,1,1,0,0,6,train,2.9007014654683513e-12
263,1998-09-05,0,1,0,0,1,1,0,1,1,0,0,5,train,2.9007014654683513e-12
976,1999-01-05,0,0,0,0,1,1,0,1,0,0,0,3,train,2.9007014654683614e-12
386,1999-04-24,0,0,1,1,1,1,1,1,1,0,1,8,train,2.900701465468341e-12
269,1999-06-23,0,0,0,0,1,0,1,1,1,0,0,4,train,2.9007014654683614e-12
647,1999-07-29,0,1,1,0,1,1,0,0,1,0,0,5,train,2.9007014654683513e-12
513,1999-11-16,0,0,0,0,1,1,0,1,1,0,0,4,train,2.9007014654683614e-12
1288,1999-12-26,0,1,1,0,1,0,0,0,0,0,1,4,train,2.9007014654683614e-12
1356,2001-02-17,0,0,1,1,1,1,1,1,1,0,0,7,train,2.900701465468341e-12
415,2001-05-29,0,1,1,0,1,1,0,0,1,0,1,6,train,2.9007014654683513e-12
847,2001-10-05,0,0,0,0,1,1,1,0,1,0,0,4,train,2.9007014654683614e-12
1254,2001-11-28,0,0,0,0,1,1,0,1,1,0,1,5,train,2.9007014654683513e-12
245,2003-03-15,0,1,1,0,1,1,0,0,1,0,1,6,train,2.9007014654683513e-12
96,2003-04-22,0,1,0,0,1,1,1,0,1,0,1,6,train,2.9007014654683513e-12
162,2003-09-21,0,0,1,0,1,1,0,0,0,0,0,3,train,2.9007014654683614e-12
1170,2004-01-11,0,1,1,0,1,0,0,0,0,0,1,4,train,2.9007014654683614e-12
393,2004-03-02,0,0,1,0,1,1,1,0,0,0,1,5,train,2.9007014654683513e-12
1199,2004-03-11,0,0,1,0,0,1,1,1,1,0,0,5,train,2.9007014654683513e-12
413,2005-02-12,0,1,1,0,1,1,0,0,0,0,0,4,train,2.9007014654683614e-12
824,2005-05-10,0,1,0,1,1,1,0,0,1,0,1,6,train,2.9007014654683513e-12
1073,2006-05-29,0,0,1,0,1,1,0,1,1,0,1,6,train,2.9007014654683513e-12
823,2006-07-18,0,1,1,0,1,1,0,0,1,0,0,5,train,2.9007014654683513e-12
1322,2006-11-02,0,0,0,0,1,1,1,1,1,0,0,5,train,2.9007014654683513e-12
607,2007-08-11,0,0,1,0,1,1,1,0,1,0,1,6,train,2.9007014654683513e-12
56,2007-09-19,0,1,0,1,1,1,1,0,0,0,0,5,train,2.9007014654683513e-12
1024,2007-11-06,0,0,0,1,1,1,0,0,1,0,0,4,train,2.9007014654683614e-12
1020,2008-02-01,0,1,1,0,0,1,0,0,1,0,1,5,train,2.9007014654683513e-12
953,2008-09-18,0,1,1,1,1,1,0,1,1,0,0,7,train,2.900701465468341e-12
445,2008-11-06,0,0,0,0,1,1,1,1,0,0,1,5,train,2.9007014654683513e-12
164,2009-03-06,0,0,0,0,1,1,0,1,1,0,1,5,train,2.9007014654683513e-12
1457,2010-04-08,0,0,1,0,1,0,1,1,1,0,0,5,train,2.9007014654683513e-12
242,2010-05-05,0,0,1,1,1,1,1,1,0,0,0,6,train,2.9007014654683513e-12
939,2010-06-04,0,0,1,0,1,1,1,1,1,0,1,7,train,2.900701465468341e-12
1027,2010-11-02,0,1,1,0,0,1,1,1,1,0,0,6,train,2.9007014654683513e-12
155,2012-04-07,0,1,1,0,1,1,0,0,1,0,1,6,train,2.9007014654683513e-12
826,2012-12-18,0,0,0,0,1,1,0,1,1,0,1,5,train,2.9007014654683513e-12
1214,2013-08-18,0,1,0,1,1,1,1,0,0,0,1,6,train,2.9007014654683513e-12
381,2014-06-12,0,0,0,0,1,1,0,1,1,0,0,4,train,2.9007014654683614e-12
72,2014-07-29,0,1,1,0,1,1,0,0,1,0,0,5,train,2.9007014654683513e-12
186,2014-08-01,0,0,1,0,1,1,1,0,1,0,1,6,train,2.9007014654683513e-12
405,2015-01-02,0,0,1,0,1,1,0,1,0,0,0,4,train,2.9007014654683614e-12
987,2015-02-20,0,1,1,0,1,1,0,1,0,0,0,5,train,2.9007014654683513e-12
527,2015-04-22,0,0,1,0,1,1,1,0,0,0,0,4,train,2.9007014654683614e-12
863,2015-07-18,0,0,0,1,1,1,1,1,1,0,1,7,train,2.900701465468341e-12
392,2015-09-24,0,1,0,1,1,1,0,0,1,0,1,6,train,2.9007014654683513e-12
75,2015-12-06,0,0,1,0,1,1,1,0,1,0,0,5,train,2.9007014654683513e-12
695,2016-08-10,0,0,0,0,1,1,0,0,0,0,0,2,train,2.900701465468372e-12
97,2016-08-14,0,1,0,0,1,1,0,0,0,0,1,4,train,2.9007014654683614e-12
319,2016-08-31,0,1,1,0,1,1,0,0,0,0,1,5,train,2.9007014654683513e-12
353,2016-09-12,0,0,0,0,1,0,0,0,1,0,1,3,train,2.9007014654683614e-12
352,2016-12-10,0,0,1,0,1,1,0,0,0,0,0,3,train,2.9007014654683614e-12
674,2017-01-28,0,0,0,0,1,1,0,1,0,0,1,4,train,2.9007014654683614e-12
1330,2017-02-10,0,1,0,0,1,1,0,0,1,0,1,5,train,2.9007014654683513e-12
216,2017-05-25,0,1,1,0,1,1,0,0,0,0,0,4,train,2.9007014654683614e-12
307,2017-07-23,0,0,1,1,1,1,0,1,0,0,1,6,train,2.9007014654683513e-12
1143,2017-11-01,0,0,1,0,1,1,0,0,1,0,1,5,train,2.9007014654683513e-12
775,2017-12-28,0,1,0,0,0,1,0,1,0,0,1,4,train,2.9007014654683614e-12
80,2018-01-19,0,1,0,1,1,1,1,1,0,0,1,7,train,2.900701465468341e-12
1178,2018-02-16,0,0,0,1,1,1,0,1,1,0,0,5,train,2.9007014654683513e-12
314,2018-02-25,0,1,1,0,1,1,1,0,1,0,0,6,train,2.9007014654683513e-12
427,2018-03-20,0,1,1,0,1,1,1,0,0,0,0,5,train,2.9007014654683513e-12
1176,2018-04-04,0,0,0,1,1,0,0,1,1,0,0,4,train,2.9007014654683614e-12
151,2018-04-21,0,0,1,0,1,1,0,1,1,0,1,6,train,2.9007014654683513e-12
31,2018-05-28,0,0,0,0,1,1,1,0,0,0,0,3,train,2.9007014654683614e-12
518,2018-06-25,0,0,1,0,1,1,0,1,1,0,1,6,train,2.9007014654683513e-12
764,2018-09-13,0,0,1,0,1,1,0,0,1,0,0,4,train,2.9007014654683614e-12
526,2018-10-01,0,0,1,0,1,0,0,1,0,0,0,3,train,2.9007014654683614e-12
831,2018-10-24,0,0,1,0,1,1,0,1,0,0,0,4,test,2.9007014654683614e-12
708,2018-11-27,0,1,1,0,1,1,0,0,1,0,0,5,test,2.9007014654683513e-12
691,2019-01-24,0,1,0,0,1,1,0,0,0,0,0,3,test,2.9007014654683614e-12
113,2019-02-24,0,1,0,0,1,1,0,1,1,0,0,5,test,2.9007014654683513e-12
930,2019-03-17,0,0,1,0,1,1,1,1,0,1,0,6,test,2.9007014654683513e-12
521,2019-03-21,0,1,1,0,0,1,0,0,1,0,0,4,test,2.9007014654683614e-12
590,2019-04-08,0,0,1,0,1,1,0,1,1,0,0,5,test,2.9007014654683513e-12
660,2019-04-21,0,1,1,1,0,1,1,0,1,0,1,7,test,2.900701465468341e-12
1104,2019-05-16,0,0,0,0,1,1,0,0,1,0,1,4,test,2.9007014654683614e-12
574,2019-07-01,0,1,0,0,0,1,0,0,1,0,0,3,test,2.9007014654683614e-12
1077,2019-07-26,0,1,0,1,1,0,0,0,0,0,0,3,test,2.9007014654683614e-12
226,2019-08-01,0,1,1,0,1,1,0,0,0,0,1,5,test,2.9007014654683513e-12
1151,2019-08-07,0,0,0,0,1,1,0,1,1,0,0,4,test,2.9007014654683614e-12
332,2019-08-28,0,1,1,0,1,1,1,0,1,1,1,8,test,2.900701465468341e-12
794,2019-09-11,0,0,0,0,1,1,0,0,0,0,0,2,test,2.900701465468372e-12
1366,2019-10-03,0,1,1,1,0,1,1,0,1,0,1,7,test,2.900701465468341e-12
50,2019-10-25,0,0,0,0,1,0,0,0,1,0,0,2,test,2.900701465468372e-12
485,2019-12-30,0,0,1,1,1,1,0,1,1,0,0,6,test,2.9007014654683513e-12
486,2020-02-05,0,0,1,0,1,1,0,0,0,0,0,3,test,2.9007014654683614e-12
560,2020-03-31,0,1,1,0,1,1,1,0,0,0,0,5,test,2.9007014654683513e-12
264,2020-06-05,0,1,1,0,1,1,0,0,1,0,1,6,test,2.9007014654683513e-12
1159,2020-07-06,0,1,1,0,1,1,0,1,1,0,0,6,test,2.9007014654683513e-12
1107,2020-07-20,0,1,0,1,1,0,1,1,1,0,0,6,test,2.9007014654683513e-12
1019,2020-10-15,0,0,1,0,1,1,0,1,1,0,1,6,test,2.9007014654683513e-12
214,2020-10-22,0,0,1,0,1,1,1,1,0,0,1,6,test,2.9007014654683513e-12
893,2020-12-05,0,1,1,0,1,1,0,1,0,0,1,6,test,2.9007014654683513e-12
48,2020-12-06,0,1,1,0,1,1,0,0,1,0,0,5,test,2.9007014654683513e-12
1008,2020-12-26,0,1,1,0,1,1,0,0,1,0,0,5,test,2.9007014654683513e-12
1022,2021-01-11,0,1,0,0,1,1,1,0,1,0,0,5,test,2.9007014654683513e-12
1250,2021-05-04,0,1,0,0,1,0,0,0,1,0,1,4,test,2.9007014654683614e-12
1305,2021-05-24,0,0,0,1,1,0,0,1,1,0,0,4,test,2.9007014654683614e-12
1431,2021-06-14,0,0,1,0,1,1,0,0,0,0,0,3,test,2.9007014654683614e-12
408,2021-06-29,0,0,0,0,1,0,1,1,0,0,1,4,test,2.9007014654683614e-12
1146,2021-10-14,0,0,1,0,0,1,0,0,1,0,0,3,test,2.9007014654683614e-12
1376,2021-11-09,0,0,0,0,1,1,0,1,1,0,1,5,test,2.9007014654683513e-12
1137,2022-01-02,0,1,1,0,1,1,0,0,1,0,1,6,test,2.9007014654683513e-12
1085,2022-03-19,0,1,0,0,0,1,1,1,1,0,0,5,test,2.9007014654683513e-12
421,2022-03-23,0,0,0,0,1,0,0,1,0,0,0,2,test,2.900701465468372e-12
1046,2022-04-29,0,1,1,0,1,1,0,0,1,0,0,5,test,2.9007014654683513e-12
910,2022-05-14,0,0,0,0,1,0,1,0,0,0,1,3,test,2.9007014654683614e-12
601,2022-05-25,0,0,0,0,0,1,0,1,1,0,1,4,test,2.9007014654683614e-12
788,2022-06-25,0,1,1,1,1,1,0,1,1,0,1,8,test,2.900701465468341e-12
213,2022-07-01,0,1,0,0,1,0,0,1,1,0,0,4,test,2.9007014654683614e-12
135,2022-08-16,0,1,1,0,1,1,1,0,1,0,0,6,test,2.9007014654683513e-12
816,2022-08-30,0,1,1,0,1,0,0,0,1,0,0,4,test,2.9007014654683614e-12
1350,2022-09-08,0,1,1,1,1,1,0,0,1,0,0,6,test,2.9007014654683513e-12
136,2022-09-29,0,0,1,0,1,1,0,1,1,0,0,5,test,2.9007014654683513e-12
854,2022-09-30,0,1,1,0,1,1,0,0,0,0,1,5,test,2.9007014654683513e-12
1468,2022-10-02,0,1,0,0,1,1,1,1,0,0,1,6,test,2.9007014654683513e-12
1340,2022-11-19,0,1,1,1,1,1,1,1,1,0,0,8,test,2.900701465468341e-12
1465,2023-02-07,0,0,0,0,1,1,1,0,0,0,0,3,test,2.9007014654683614e-12
598,2023-02-13,0,1,0,0,0,1,1,0,0,0,1,4,test,2.9007014654683614e-12
974,2023-02-23,0,1,0,0,1,1,1,0,0,0,0,4,test,2.9007014654683614e-12
1349,2023-03-28,0,1,1,0,1,1,0,0,1,0,0,5,test,2.9007014654683513e-12
1065,2023-04-09,0,1,0,0,0,1,1,0,0,0,0,3,test,2.9007014654683614e-12
1347,2023-04-11,0,0,1,0,1,0,0,1,0,0,1,4,test,2.9007014654683614e-12
965,2023-05-13,0,1,0,0,1,1,0,1,0,0,1,5,test,2.9007014654683513e-12
40,2023-05-21,0,0,1,0,1,1,0,0,1,0,0,4,test,2.9007014654683614e-12
1328,2023-05-25,0,0,0,0,1,1,0,0,1,0,0,3,test,2.9007014654683614e-12
224,2023-06-09,0,1,0,0,0,1,0,1,1,0,1,5,test,2.9007014654683513e-12
308,2023-08-18,0,1,0,0,1,1,1,0,1,0,0,5,test,2.9007014654683513e-12
977,2023-09-24,0,1,0,0,1,1,1,0,0,0,0,4,test,2.9007014654683614e-12
122,2023-11-08,0,0,0,0,1,1,1,1,0,0,0,4,test,2.9007014654683614e-12
84,2024-01-08,0,1,1,0,0,1,0,0,1,0,0,4,test,2.9007014654683614e-12
880,2024-01-29,0,1,1,0,1,1,1,1,1,0,0,7,test,2.900701465468341e-12
1219,2024-01-30,0,0,1,0,1,1,1,1,1,0,1,7,test,2.900701465468341e-12
390,2024-02-03,0,1,1,0,1,1,0,0,0,0,1,5,test,2.9007014654683513e-12
1439,2024-03-08,0,1,1,0,1,1,0,1,1,0,0,6,test,2.9007014654683513e-12
675,2024-03-17,0,1,1,0,1,1,1,0,1,0,1,7,test,2.900701465468341e-12
465,2024-04-22,0,1,1,0,1,1,0,0,0,0,0,4,test,2.9007014654683614e-12
1070,2024-05-18,0,1,1,0,0,1,1,0,1,0,1,6,test,2.9007014654683513e-12
161,2024-06-13,0,0,0,1,1,1,0,1,1,0,0,5,test,2.9007014654683513e-12
720,2024-06-20,0,1,0,1,1,1,0,1,1,0,1,7,test,2.900701465468341e-12
36,2024-07-14,0,0,1,0,1,1,1,1,1,0,0,6,test,2.9007014654683513e-12
844,2024-08-07,0,0,1,0,1,1,0,0,0,0,1,4,test,2.9007014654683614e-12
1229,2024-10-23,0,0,1,0,1,0,0,0,1,0,0,3,test,2.9007014654683614e-12
1451,2024-10-24,0,0,0,1,1,1,0,1,1,0,0,5,test,2.9007014654683513e-12
371,2024-11-05,0,1,1,0,0,1,0,1,0,0,0,4,test,2.9007014654683614e-12
1079,2024-12-16,0,1,1,0,1,1,0,0,0,0,1,5,test,2.9007014654683513e-12
1205,2025-02-08,0,1,0,0,1,1,0,0,1,0,1,5,test,2.9007014654683513e-12
604,2025-02-14,0,1,1,0,1,1,1,0,1,0,1,7,test,2.900701465468341e-12
972,2025-03-07,0,0,0,0,1,0,0,0,1,0,1,3,test,2.9007014654683614e-12
305,2025-04-24,0,1,0,0,1,1,0,1,1,0,0,5,test,2.9007014654683513e-12
1423,2025-05-17,0,0,0,0,0,1,1,1,1,0,0,4,test,2.9007014654683614e-12
1093,2025-08-29,0,1,1,0,1,1,0,1,0,0,0,5,test,2.9007014654683513e-12
350,2025-09-20,0,0,0,1,1,0,1,0,1,0,1,5,test,2.9007014654683513e-12
581,2025-10-01,0,1,0,0,0,1,0,0,1,0,1,4,test,2.9007014654683614e-12
808,2025-11-17,0,0,1,1,1,1,0,0,1,0,0,5,test,2.9007014654683513e-12
963,2025-12-16,0,0,0,0,1,1,1,0,1,0,1,5,test,2.9007014654683513e-12
1134,2026-01-05,0,1,0,1,0,0,0,1,1,0,0,4,test,2.9007014654683614e-12
1355,2026-01-08,0,0,1,0,0,1,0,1,1,0,1,5,test,2.9007014654683513e-12
1194,2026-03-19,0,1,1,0,0,0,0,1,1,0,0,4,test,2.9007014654683614e-12
701,2026-03-28,0,1,1,0,1,1,0,0,0,0,1,5,test,2.9007014654683513e-12
964,2026-03-28,0,1,0,0,1,1,1,0,0,0,1,5,test,2.9007014654683513e-12
1302,2026-04-06,0,1,0,0,1,0,0,1,1,0,0,4,test,2.9007014654683614e-12
1076,2026-05-29,0,1,0,0,1,1,0,0,1,0,1,5,test,2.9007014654683513e-12
747,2026-06-09,0,1,0,0,0,1,0,0,1,0,1,4,test,2.9007014654683614e-12
629,2026-07-10,1,1,1,1,1,1,1,1,1,0,0,8,test,2.900701465468341e-12
