metric,value,ci_lower,ci_upper,model
AUROC,0.4596736596736597,0.33884476547675524,0.5793205872880585,score_only
AUPRC,0.3006013893677358,0.20442128185038805,0.42573243062408483,score_only
AUROC,0.5403791365329828,0.4527508645257867,0.6192390428981877,lookup
AUPRC,0.4441946142695402,0.3452229532886532,0.5586155167909246,lookup
Brier,0.25952273871794873,0.23292292033589745,0.29009802483205127,lookup
ECE,0.1581820512820513,0.11666191025641025,0.23453953846153847,lookup
CalibrationIntercept,-0.0617412573407653,-0.41484770868157084,0.26585800583597885,lookup
CalibrationSlope,0.20469742232418547,-0.11532544090262697,0.538496176290171,lookup
AUROC,0.4596736596736597,0.33884476547675524,0.5793205872880585,recalibrated
AUPRC,0.3006013893677358,0.20442128185038805,0.42573243062408483,recalibrated
Brier,0.2427176151866178,0.22024935416754432,0.2628457746393699,recalibrated
ECE,0.14902687988899166,0.10932479576788015,0.253719002291667,recalibrated
CalibrationIntercept,-0.4011459344486592,-0.9141902176245789,0.021854297784961306,recalibrated
CalibrationSlope,-0.38311775157476535,-1.7547288467427626,0.8924860084964313,recalibrated
