Model,Report Date,Group,MRN,Age at Procedure,Procedure Date,Procedure,Predicted Risk,Female Sex (pts)
NA,2026-08-03,"Low risk, NHD occurred",39fe7598-1d13-ced9-abfa-af8599a9a62b,57,2019-08-28,Amputation of leg through tibia and fibula,0.156,1
NA,2026-08-03,"Low risk, NHD occurred",79558b65-e276-e81a-b7b0-a1d117d98128,77,2019-01-24,Amputation of leg through tibia and fibula,0.156,0
NA,2026-08-03,"Low risk, NHD occurred",8bc23ca6-b023-9376-5e45-5cced893d4a6,61,2019-09-11,Amputation of leg through tibia and fibula,0.27,1
NA,2026-08-03,"Low risk, NHD occurred",7b5c6370-abf7-e2d2-103c-1ede5fc7b9b1,68,2018-11-27,Amputation of leg through tibia and fibula,0.304,1
NA,2026-08-03,"Low risk, NHD occurred",85a5012d-e7a3-77d8-67f7-342724a6a018,78,2018-09-13,Amputation above-knee,0.304,0
NA,2026-08-03,"Low risk, NHD occurred",874736d2-c597-dac5-c80e-368770e9f281,56,2017-12-28,Amputation of leg through tibia and fibula,0.304,0
NA,2026-08-03,"Low risk, NHD occurred",923c55f9-760b-f45d-05f6-c43bd72e1764,74,2018-10-24,Amputation above-knee,0.304,0
NA,2026-08-03,"Low risk, NHD occurred",a1b9e8ea-f130-feaf-a721-8d9c67426191,68,2019-03-17,Amputation above-knee,0.304,1
NA,2026-08-03,"Low risk, NHD occurred",04c0cbf9-5c6c-a717-6e54-41dc74e5bc52,79,2018-05-28,Amputation above-knee,0.4,1
NA,2026-08-03,"Low risk, NHD occurred",678196ce-5082-3571-3a27-9725dcfc26bf,51,2019-04-08,Amputation above-knee,0.4,0
NA,2026-08-03,"High risk, no NHD",c68ecb41-dd4d-9386-6b1d-78a9eb189f01,79,2019-08-07,Amputation above-knee,0.7,1
NA,2026-08-03,"High risk, no NHD",34a27d71-bdfa-9b14-cb38-3e6d47b2b19b,77,2017-07-23,Amputation above-knee,0.564,0
NA,2026-08-03,"High risk, no NHD",5ab3bfd6-62cf-3efc-502d-4590b5c6c46d,71,2018-10-01,Amputation of leg through tibia and fibula,0.564,0
NA,2026-08-03,"High risk, no NHD",0efde1c5-f3c9-63ec-ff96-f361384c16c2,77,2018-01-19,Amputation of leg through tibia and fibula,0.436,1
NA,2026-08-03,"High risk, no NHD",368a558f-9224-0ff8-ed99-ce6935832ab8,67,2018-02-25,Amputation of leg through tibia and fibula,0.436,1
NA,2026-08-03,"High risk, no NHD",ba90e21f-7f47-be5e-05c5-32b6521e2680,71,2019-07-26,Amputation of leg through tibia and fibula,0.436,1
NA,2026-08-03,"High risk, no NHD",be44fb17-218b-f85a-ee4f-7c1488a4d934,63,2019-05-16,Amputation of leg through tibia and fibula,0.436,1
NA,2026-08-03,"High risk, no NHD",c57ef73b-b44f-2f0e-080a-bf3e699cbc84,73,2017-11-01,Amputation of leg through tibia and fibula,0.436,0
NA,2026-08-03,"High risk, no NHD",082da1b4-520a-3ccd-4153-6db03619e6b4,78,2019-10-25,Amputation above-knee,0.4,0
NA,2026-08-03,"High risk, no NHD",2761a4ea-fd37-5692-9fb5-b8115ce26686,64,2017-05-25,Amputation of leg through tibia and fibula,0.4,0
