atlas_id,cohort_id,cohort_name,logic_description,generate_stats
1797941,1797941,[DVI] Major Lower Extremity Amputation,"TARGET. Reused VERBATIM from pad-amp-ed-desc -- the identical population this study needs, so the two studies share one target definition rather than drifting. Entry = inpatient visit containing a major lower extremity amputation procedure. Verified 195 patients against the pad_amp_dispo dataset 2026-08-02.",TRUE
9100002,9100002,[DVI] COPD (risk score item),"COVARIATE: copd (mFI-5 1 point; Kraiss sVQI-FS 1 point). NEW. Authored rather than reusing [DVI] VA-FI Chronic lung disease (1797958), because that cohort is a faithful VA Frailty Index deficit (Cheng et al., J Gerontol A 2021, mapping from the authors' own icd_code_vafi_mapping.csv) and correctly spans asthma, interstitial lung disease, chronic bronchitis and bronchiectasis as one organ-system category. Neither published score means that by 'COPD'. Uses the score CSVs' own concept, 255573 + descendants. Limit=All at all three levels with EndStrategy StartDate+0, so it can answer a lookback-window question and its cohort_end_date equals its cohort_start_date. alignment_status: LOCAL ONLY -- NOT YET IN ATLAS. Authored in this repo in the reserved local id block (bounds and allocation ledger: STRATEGUS_CONVENTIONS.md section 6; this repo holds 9100001-9100011), deliberately outside the ATLAS-demo id range so a future ATLAS assignment cannot collide. Named [DVI] from the start so pushing it upstream later is not a rename exercise. Creating it in ATLAS is a separate, explicit, user-initiated action -- the workspace [DVI] tooling is read-only and its one guarded writer handles concept sets, not cohorts.",FALSE
9100003,9100003,[DVI] Peripheral Arterial Occlusive Disease (risk score item),"COVARIATE: pvd (Kraiss sVQI-FS, 1 point). NEW. Authored rather than reusing [DVI] VA-FI Peripheral vascular disease (1797955), which is a faithful VA-FI deficit spanning 321052 peripheral vascular disease, 40479625 atherosclerosis of artery, 317585 aortic aneurysm and 444247 venous thrombosis. Aneurysmal and venous disease are not peripheral ARTERIAL occlusive disease, and a patient scoring the sVQI-FS pvd item on a DVT is not what the instrument measures. Uses the score CSV's own concept, 317309 + descendants (of which 321052 is an ancestor, so the VA-FI cohort is a strict superset). Limit=All at all three levels with EndStrategy StartDate+0, so it can answer a lookback-window question and its cohort_end_date equals its cohort_start_date. alignment_status: LOCAL ONLY -- NOT YET IN ATLAS. Authored in this repo in the reserved local id block (bounds and allocation ledger: STRATEGUS_CONVENTIONS.md section 6; this repo holds 9100001-9100011), deliberately outside the ATLAS-demo id range so a future ATLAS assignment cannot collide. Named [DVI] from the start so pushing it upstream later is not a rename exercise. Creating it in ATLAS is a separate, explicit, user-initiated action -- the workspace [DVI] tooling is read-only and its one guarded writer handles concept sets, not cohorts.",FALSE
9100004,9100004,[DVI] Ischemic Tissue Loss,"COVARIATE: tissue_loss (Iannuzzi 2020, 3 points). NEW. 4029926 ischemic ulcer + 4291464 ischemic gangrene, both + descendants, from covariate_concepts.csv. Limit=All at all three levels with EndStrategy StartDate+0, so it can answer a lookback-window question and its cohort_end_date equals its cohort_start_date. alignment_status: LOCAL ONLY -- NOT YET IN ATLAS. Authored in this repo in the reserved local id block (bounds and allocation ledger: STRATEGUS_CONVENTIONS.md section 6; this repo holds 9100001-9100011), deliberately outside the ATLAS-demo id range so a future ATLAS assignment cannot collide. Named [DVI] from the start so pushing it upstream later is not a rename exercise. Creating it in ATLAS is a separate, explicit, user-initiated action -- the workspace [DVI] tooling is read-only and its one guarded writer handles concept sets, not cohorts.",FALSE
9100007,9100007,[DVI] Insulin-Treated Diabetes,"COVARIATE: insulin_dep (Iannuzzi 2020, 2 points). NEW. ATC 21600713 INSULINS AND ANALOGUES + descendants (a classification concept, standard_concept='C'), exactly as covariate_concepts.csv specifies. Limit=All at all three levels with EndStrategy StartDate+0, so it can answer a lookback-window question and its cohort_end_date equals its cohort_start_date. alignment_status: LOCAL ONLY -- NOT YET IN ATLAS. Authored in this repo in the reserved local id block (bounds and allocation ledger: STRATEGUS_CONVENTIONS.md section 6; this repo holds 9100001-9100011), deliberately outside the ATLAS-demo id range so a future ATLAS assignment cannot collide. Named [DVI] from the start so pushing it upstream later is not a rename exercise. Creating it in ATLAS is a separate, explicit, user-initiated action -- the workspace [DVI] tooling is read-only and its one guarded writer handles concept sets, not cohorts.",FALSE
9100008,9100008,[DVI] Anemia (Hemoglobin <10 g/dL),"COVARIATE: anemia at the Iannuzzi 2020 threshold (2 points). NEW. Measurement value criterion on 3000963. TWO criteria, one per unit: query_anemia_covariate_counts() normalises g/L to g/dL arithmetically, which circe cannot do, so the g/L arm is an explicit second criterion at <100 g/L. Omitting it would silently drop any site reporting haemoglobin in g/L. SEPARATE cohort from 9100009 on purpose -- in pad-amp-nhd-val both scores shared the covariate_id 'anemia' and the threshold was selected by testing whether the covariate FILE PATH contained 'vqifs', a test that also matched an output folder. Limit=All at all three levels with EndStrategy StartDate+0, so it can answer a lookback-window question and its cohort_end_date equals its cohort_start_date. alignment_status: LOCAL ONLY -- NOT YET IN ATLAS. Authored in this repo in the reserved local id block (bounds and allocation ledger: STRATEGUS_CONVENTIONS.md section 6; this repo holds 9100001-9100011), deliberately outside the ATLAS-demo id range so a future ATLAS assignment cannot collide. Named [DVI] from the start so pushing it upstream later is not a rename exercise. Creating it in ATLAS is a separate, explicit, user-initiated action -- the workspace [DVI] tooling is read-only and its one guarded writer handles concept sets, not cohorts.",FALSE
9100009,9100009,[DVI] Anemia (Sex-Specific Hemoglobin Threshold),"COVARIATE: anemia at the Kraiss sVQI-FS threshold, <13 g/dL male / <12 g/dL female (1 point). NEW. FOUR criteria = {male, female} x {g/dL, g/L}, OR'd, each pairing a ValueAsNumber threshold with a Gender demographic criterion -- how circe expresses what query_anemia_covariate_counts(sex_specific=TRUE) does with a CASE on person.gender_concept_id. Limit=All at all three levels with EndStrategy StartDate+0, so it can answer a lookback-window question and its cohort_end_date equals its cohort_start_date. alignment_status: LOCAL ONLY -- NOT YET IN ATLAS. Authored in this repo in the reserved local id block (bounds and allocation ledger: STRATEGUS_CONVENTIONS.md section 6; this repo holds 9100001-9100011), deliberately outside the ATLAS-demo id range so a future ATLAS assignment cannot collide. Named [DVI] from the start so pushing it upstream later is not a rename exercise. Creating it in ATLAS is a separate, explicit, user-initiated action -- the workspace [DVI] tooling is read-only and its one guarded writer handles concept sets, not cohorts.",FALSE
9100010,9100010,[DVI] Renal Impairment (Creatinine >1.8 mg/dL or Dialysis),"COVARIATE: renal_impairment (Kraiss sVQI-FS, 1 point). NEW. THREE primary criteria, OR'd: a creatinine value criterion (3016723 > 1.8 mg/dL) plus a dialysis arm spanning BOTH procedure_occurrence and condition_occurrence, because dialysis dependence is sometimes coded as a diagnosis. Authored rather than reusing [DVI] VA-FI Chronic kidney disease (1797953): that is a CKD diagnosis proxy, and pad-amp-nhd-val used exactly such a proxy until 2026-07-26, when it activated in 99.6% of a pilot cohort because descendants of 192359 pull in acute and unspecified renal failure. Limit=All at all three levels with EndStrategy StartDate+0, so it can answer a lookback-window question and its cohort_end_date equals its cohort_start_date. alignment_status: LOCAL ONLY -- NOT YET IN ATLAS. Authored in this repo in the reserved local id block (bounds and allocation ledger: STRATEGUS_CONVENTIONS.md section 6; this repo holds 9100001-9100011), deliberately outside the ATLAS-demo id range so a future ATLAS assignment cannot collide. Named [DVI] from the start so pushing it upstream later is not a rename exercise. Creating it in ATLAS is a separate, explicit, user-initiated action -- the workspace [DVI] tooling is read-only and its one guarded writer handles concept sets, not cohorts.",FALSE
9100001,9100001,[DVI] Non-Home Discharge,"OUTCOME. NOT CIRCE-GENERATED. inst/sql/sql_server/9100001.sql is hand-authored and AUTHORITATIVE; inst/cohorts/9100001.json is a PLACEHOLDER for getCohortDefinitionSet() and must never be re-rendered over the SQL. Circe 1.11.3 (inside CirceR 1.3.3) cannot express this: org.ohdsi.circe.cohortdefinition.VisitOccurrence has no discharged_to_concept_id attribute (verified 2026-08-02 by class inspection; the full attribute set is CodesetId, First, OccurrenceStartDate, OccurrenceEndDate, VisitType, VisitSourceConcept, VisitLength, Gender, ProviderSpecialty, PlaceOfService, PlaceOfServiceLocation), nor the dynamic UB04 'Maps to' CTE, nor the discharged_to_source_value tab/CR/LF normalisation. Entry = inpatient visit (9201) whose discharged_to_concept_id is non-null, non-zero, vocabulary-valid, and NOT in a home set resolved at query time from UB04 'Pt dis status' codes 01 and 06 plus CMS place-of-service 8536 and their 'Maps to' targets; plus a source-value guard and a post-INSERT second pass stripping CHAR(13)/CHAR(10)/CHAR(9). One row PER QUALIFYING VISIT. Ported from pad-amp-nhd-val/cohorts/outcome_nhd.sql with @outcome_cohort_id renamed to @target_cohort_id (3 executable sites) and the study-date window dropped, since CohortGenerator supplies neither and renders with warnOnMissingParameters=FALSE. CreateStrategusAnalysisSpecification.R carries a sentinel guard that halts the build if this SQL loses its UB04 CTE. catalog.yaml :: non_home_discharge. alignment_status: LOCAL ONLY -- NOT YET IN ATLAS. Authored in this repo in the reserved local id block (bounds and allocation ledger: STRATEGUS_CONVENTIONS.md section 6; this repo holds 9100001-9100011), deliberately outside the ATLAS-demo id range so a future ATLAS assignment cannot collide. Named [DVI] from the start so pushing it upstream later is not a rename exercise. Creating it in ATLAS is a separate, explicit, user-initiated action -- the workspace [DVI] tooling is read-only and its one guarded writer handles concept sets, not cohorts.",FALSE
9100011,9100011,"[DVI] Major Lower Extremity Amputation (dysvascular, trauma/cancer excluded)","TARGET (this study's own, replacing shared 1797941 as of 2026-08-12). Identical entry event and age rule to [DVI] Major Lower Extremity Amputation (1797941), which this study previously used, with three deliberate changes -- all made in a NEW cohort because 1797941 is shared VERBATIM with pad-amp-ed-desc, a merged and PRCC-verified study whose target population must not shift. (1) LE-wound concept set broadened 5 -> 24 ancestors, restoring the definition pad-amp-nhd-val used (ulcers, open wounds, the fragmented gangrene trees, cellulitis, osteomyelitis, diabetic foot). All 24 [vocab query] re-verified 2026-08-12 (SNOMED 2025-02-01 Intl / 2025-03-01 US): standard='S', valid, domain='Condition'. nhd-val listed 25; 4263116 'Gangrene' is OMITTED because it is domain_id='Observation' and can never match a Condition criterion -- it was equally inert in nhd-val's condition_occurrence query. (2) Indication evaluated against condition_occurrence, NOT condition_era, and PER-INDICATION WINDOWS replace 1797941's unbounded one (tightened 2026-08-12): PAD and DM = any time prior through +365d; LE wound = -365d through +365d. Rationale: PAD and DM are chronic, so any prior record counts, and the window extends forward because the amputation admission is frequently where PAD is first formally coded; a wound is an acute episode, so it is bracketed to +/-1yr -- a wound five years earlier is not this amputation's indication. 1797941 accepted an indication coded at ANY time including years AFTER the amputation; nhd-val required it on or before index. This sits between the two, deliberately. Windows verified to bind: narrowing all three to +/-1d yields ZERO patients on synthetic data, and the rendered SQL carries 1x DATEADD(day,-365,..) (wound lower bound) and 3x DATEADD(day,365,..) (all three upper bounds). condition_era is a DERIVED table; on the real Duke CDM this cohort found ~60 fewer amputations than nhd-val, which read condition_occurrence, and a partially-built era table is the leading explanation. NOTE: on synthetic data (1)+(2) together change the count by ZERO (176 -> 176), so synthetic cannot validate the recovery -- only a Duke re-run can. (3) NEW exclusion 'No trauma or malignancy indication': zero traumatic-amputation (4096479 [vocab query], 165 std desc) and zero malignant-neoplasm (443392 [vocab query], reused from the verified phenotype_library catalog entry malignant_neoplasm) condition records within +/-30d of the index admission. INDICATION-ANCHORED BY DESIGN, not an all-time history exclusion: the question is whether THIS amputation was for trauma or cancer, and an all-time rule would drop legitimate diabetic-foot amputations for a decades-old fracture or remote cancer history. nhd-val excluded these causes only IMPLICITLY, via the dysvascular indication requirement, so this is a new criterion rather than a restored one. Removes 6 of 176 on synthetic data. alignment_status: LOCAL ONLY -- not in ATLAS; named [DVI] from the start per the workspace convention so pushing it upstream is not a rename exercise. UPDATED 2026-08-12 (second Duke run): the combined trauma-or-malignancy rule excluded 302 of 935 patients (32%) -- implausible for a dysvascular cohort, and the inclusion bitmask resolves only to whole rules so trauma and malignancy could not be attributed separately. Now TWO rules. Trauma keeps the +/-30d window and is not visit-restricted (it may be coded on a preceding ED or transfer encounter). Malignancy is now RestrictVisit -- attached to the index inpatient visit only, the same mechanism the nested amputation criterion uses -- so it asks whether THIS admission's amputation was for cancer rather than whether the patient has a cancer code in the same month. On synthetic data this returns the cohort to 176 (from 170) while remaining demonstrably live rather than inert: that CDM has condition_occurrence.visit_occurrence_id populated 99.9% and 220 persons with a malignancy, yet none attached to an index amputation admission. IF THE DUKE RUN NOW EXCLUDES ~0 FOR MALIGNANCY, check that fill rate before concluding there is no cancer -- an unpopulated visit_occurrence_id makes any visit-restricted criterion match nothing, silently. MALIGNANCY SET NARROWED 2026-08-12: 443392 'Malignant neoplastic disease' (5,314 std descendants, all cancers all sites) -> 4177242 'Malignant tumor of lower limb' (250), a 21x tightening to the anatomy that causes a lower-extremity amputation. Verified by concept_ancestor that 4177242 subsumes the bone (4162138), soft-tissue (37166992), skin (4162993) and primary-neoplasm (201518) lower-limb variants, so one concept covers the anatomy. Registered in phenotype_library/catalog.yaml as malignant_tumor_lower_limb. ACCEPTED GAP: a sarcoma coded with no site sits outside this tree. 'Attached to the amputation procedure' was requested and is NOT possible -- condition_occurrence carries no procedure link in OMOP (only visit_occurrence_id / visit_detail_id), so the visit is the finest scope available. TRAUMA WINDOW CHANGED 2026-08-12 (third Duke run): the +/-30d trauma rule excluded 220 of 935 (24%) while the visit-scoped malignancy rule excluded only 17 -- the reverse of what was predicted. 220 traumatic amputations is not credible in a cohort already filtered to PAD/DM/wound (all 220 had passed that rule), and this concept's descendants are 'Traumatic amputation above knee / below knee / of foot', which is how a coder may describe the SURGICAL amputation just performed. The window is now [-30d, -1d], strictly before the admission: genuine trauma precedes the amputation, a miscode of the surgery appears on or after it. circe has no 'NOT at this visit' operator so the index encounter cannot be excluded directly. The next run is therefore a TEST: a collapse from 220 to a small number confirms the miscoding hypothesis; staying near 220 means the trauma genuinely precedes the admission. Accepted cost: same-day trauma-to-amputation is no longer excluded. TRAUMA RULE REPLACED 2026-08-12 (after the third Duke run): 4096479 'Traumatic amputation' -> a 5-concept MECHANISM set (crushing injury of lower limb 194229 / of foot 72487, burn of lower limb 197751, degloving 4095264, fracture of lower limb 4187096), all [vocab query] verified 2026-08-12, and scoped to the index visit (RestrictVisit) rather than a day window. WHY: the old concept's descendants name the amputation ('Traumatic amputation above/below knee, of foot'), the same words a coder may use for the surgery just performed, so a +/-30d window excluded 220 of 935 (24%) who had all already met the dysvascular indication. Mechanism concepts cannot be confused with a surgical amputation, so the criterion can sit ON the admission where the signal is strongest. GENERAL injury ancestors were measured and rejected -- SNOMED files open wounds under injuries, so 440921 'Traumatic injury' shares 888 of our 1,372 wound concepts and 4130852 'Injury of lower limb' shares 982; either would exclude the dysvascular patients this study is about. Registered as limb_trauma_mechanism in phenotype_library/catalog.yaml. ADMISSION-SOURCE EXCLUSION ADDED 2026-09-15 (post-execute, NOT a circe definition change): patients whose index-visit admitted_from_source_value is IP, IH, or SN (transferred from another hospital, or a skilled nursing facility) are deleted from this cohort's row set in the results-schema cohort table by R/exclude_facility_admissions.R, run after Strategus generates 9100011 normally from the circe JSON above (which is unchanged and still correct -- this is a row-level narrowing of the OUTPUT, not a change to how the cohort itself is defined or generated). Circe has no admitted_from_concept_id/admitted_from_source_value attribute on VisitOccurrence (same limitation as 9100001's discharged_to_concept_id), so this could not be a circe InclusionRule; CohortGenerator's native cohort-subset feature was checked and does not reach a visit-level admission-source predicate either. Codes verified against a real Duke export (supp_admission_source.csv) via a live vocabulary query: IP/IH -> 38004515 Hospital (Medicare Specialty) [vocab query]; SN -> 8863 Skilled Nursing Facility (CMS Place of Service) [vocab query] -- all excluded. HO (unmapped, concept_id 0, ~58% of the cohort, matches this CDM's own discharge-side convention where HO = Home) and AV (38004207 Clinic/Center, NUCC -- an outpatient referral for a scheduled admission, not facility residence) are KEPT, as are the negligible unmapped OT/NI codes. On the 2026-09-15 real Duke export this excluded roughly 31% of the cohort (IP 29.3% + IH 0.6% + SN 1.3%). KNOWN LIMITATION: Strategus's own CharacterizationModule baseline for 9100011 runs inside Strategus::execute(), before this exclusion, so it describes the PRE-exclusion population -- the Word report and every custom-step analysis are unaffected (they query the cohort table live, after exclusion). See R/exclude_facility_admissions.R for the full rationale. ADDITIONALLY (2026-09-28): restricted to patients whose index amputation (cohort_start_date) falls within the study's configured date range (study_start_date/study_end_date in study_params.yaml, currently 2017-01-01 to 2025-12-31) -- a post-execute row-level narrowing, not a circe-definition change, same class of fix as the facility-admission exclusion above. This closes a real regression: study_start_date/study_end_date have been configured since this study's original synthea-omop-template incarnation, where R/cohorts.R applied them as a literal filter on the materialized cohort table; that step was never carried forward into the Strategus port, so nothing was actually enforcing them (they only fed the report's narrative text) until a real PRCC run showed a genuine 2026 row in agg_nhd_by_year.csv despite study_end_date being 2025-12-31. See R/restrict_to_study_period.R for the full rationale.",TRUE
9100021,9100021,[DVI] Diabetes mellitus (risk score item),"COVARIATE: dm (mFI-5 1 point; Kraiss sVQI-FS 1 point), 365-day lookback. Concept set is EXACTLY the score CSVs' dm concept (201820 + descendants). Replaces reused Limit=First [DVI] VA-FI Diabetes (1797952), which could not honour a lookback window and was slightly broader than the CSV (added 4034964). alignment_status: LOCAL ONLY -- NOT YET IN ATLAS. Authored 2026-10-05 in this repo's own block of the reserved local id range (9100021-9100049; ledger: STRATEGUS_CONVENTIONS.md section 6.1), deliberately outside the ATLAS-demo id range so a future ATLAS assignment cannot collide. Limit=All at all three levels with EndStrategy StartDate+0, so it can answer a lookback-window question and its cohort_end_date equals its cohort_start_date. Named [DVI] from the start so pushing it upstream later is not a rename exercise. Creating it in ATLAS is a separate, explicit, user-initiated action -- the workspace [DVI] tooling is read-only and its one guarded writer handles concept sets, not cohorts. Authored by scripts/author_covariate_cohorts.R.",FALSE
9100022,9100022,[DVI] Hypertension (risk score item),"COVARIATE: htn (mFI-5 1 point; Kraiss sVQI-FS 1 point), 365-day lookback. Concept set is EXACTLY the score CSVs' htn concept (316866 + descendants). Replaces reused Limit=First [DVI] VA-FI Hypertension (1797951), which could not honour a lookback window and was broader than the CSV (added hypertensive heart / renal disease). alignment_status: LOCAL ONLY -- NOT YET IN ATLAS. Authored 2026-10-05 in this repo's own block of the reserved local id range (9100021-9100049; ledger: STRATEGUS_CONVENTIONS.md section 6.1), deliberately outside the ATLAS-demo id range so a future ATLAS assignment cannot collide. Limit=All at all three levels with EndStrategy StartDate+0, so it can answer a lookback-window question and its cohort_end_date equals its cohort_start_date. Named [DVI] from the start so pushing it upstream later is not a rename exercise. Creating it in ATLAS is a separate, explicit, user-initiated action -- the workspace [DVI] tooling is read-only and its one guarded writer handles concept sets, not cohorts. Authored by scripts/author_covariate_cohorts.R.",FALSE
9100023,9100023,[DVI] Heart failure (risk score item),"COVARIATE: chf (mFI-5 1 point over a 30-day window per the original publication; Kraiss sVQI-FS 1 point over 365 days). Concept set is EXACTLY the score CSVs' chf concept (316139 + descendants). One cohort backs both items; the window lives in covariates/cohort_map.csv. Replaces reused Limit=First [DVI] VA-FI Heart failure (1797950), whose Limit=First made the published 30-day mFI-5 window collapse to 'ever prior'. alignment_status: LOCAL ONLY -- NOT YET IN ATLAS. Authored 2026-10-05 in this repo's own block of the reserved local id range (9100021-9100049; ledger: STRATEGUS_CONVENTIONS.md section 6.1), deliberately outside the ATLAS-demo id range so a future ATLAS assignment cannot collide. Limit=All at all three levels with EndStrategy StartDate+0, so it can answer a lookback-window question and its cohort_end_date equals its cohort_start_date. Named [DVI] from the start so pushing it upstream later is not a rename exercise. Creating it in ATLAS is a separate, explicit, user-initiated action -- the workspace [DVI] tooling is read-only and its one guarded writer handles concept sets, not cohorts. Authored by scripts/author_covariate_cohorts.R.",FALSE
9100024,9100024,[DVI] Coronary artery disease (risk score item),"COVARIATE: cad (Kraiss sVQI-FS 1 point), 365-day lookback. Concept set is EXACTLY covariate_concepts_vqifs.csv :: cad (4185932 Ischemic heart disease + descendants). Replaces reused Limit=First [DVI] VA-FI Coronary artery disease (1797949). alignment_status: LOCAL ONLY -- NOT YET IN ATLAS. Authored 2026-10-05 in this repo's own block of the reserved local id range (9100021-9100049; ledger: STRATEGUS_CONVENTIONS.md section 6.1), deliberately outside the ATLAS-demo id range so a future ATLAS assignment cannot collide. Limit=All at all three levels with EndStrategy StartDate+0, so it can answer a lookback-window question and its cohort_end_date equals its cohort_start_date. Named [DVI] from the start so pushing it upstream later is not a rename exercise. Creating it in ATLAS is a separate, explicit, user-initiated action -- the workspace [DVI] tooling is read-only and its one guarded writer handles concept sets, not cohorts. Authored by scripts/author_covariate_cohorts.R.",FALSE
9100025,9100025,[DVI] Pneumonia (mFI-5 current pneumonia),"COVARIATE: copd item, pneumonia arm (Subramaniam mFI-5 'COPD or current pneumonia', 1 point). Scored over 30 days ('current pneumonia'); the COPD arm (9100002) keeps 365 days; the item is positive if EITHER arm hits (two cohort_map.csv rows for the pair mfi5/copd). Concept set 255848 Pneumonia + descendants, EXCLUDING 4273378 Interstitial pneumonia and 1340380 Exacerbation of interstitial pneumonia (non-infectious; excluded WITHOUT descendants because 4294404 Pittsburgh pneumonia, a Legionella infection, descends from 4273378). Congenital/neonatal pneumonia stays in (harmless in adults). Exclusions added 2026-10-06; the score CSV expresses them as concept_role='exclude'. alignment_status: LOCAL ONLY -- NOT YET IN ATLAS. Authored 2026-10-05 in this repo's own block of the reserved local id range (9100021-9100049; ledger: STRATEGUS_CONVENTIONS.md section 6.1), deliberately outside the ATLAS-demo id range so a future ATLAS assignment cannot collide. Limit=All at all three levels with EndStrategy StartDate+0, so it can answer a lookback-window question and its cohort_end_date equals its cohort_start_date. Named [DVI] from the start so pushing it upstream later is not a rename exercise. Creating it in ATLAS is a separate, explicit, user-initiated action -- the workspace [DVI] tooling is read-only and its one guarded writer handles concept sets, not cohorts. Authored by scripts/author_covariate_cohorts.R.",FALSE
9100026,9100026,[DVI] Dependent Functional Status (ADL dependence),"COVARIATE: fs_dep (mFI-5, 1 point), 365-day lookback. REVISED -- replaces 9100005 (shared with pad-amp-nhd-prog; redefining it in place would give one id two meanings). The old set (Frailty + Impaired mobility with descendants) measured mobility and mild frailty, not ADL dependence, and overlapped the ambulatory item. New set: ADL-dependence findings (Dependent for bathing/dressing/feeding/grooming/hygiene/drinking/rising/sitting/standing/walking; Needs help with ...; Requires assistance with ...) + Bed-ridden + Confined to chair + Severe frailty. Two primary criteria (Condition for Severe frailty, Observation for the rest). IADL concepts deliberately excluded. Overlap with 9100027 on walking-dependence, bed-ridden and confined-to-chair is deliberate. alignment_status: LOCAL ONLY -- NOT YET IN ATLAS. Authored 2026-10-05 in this repo's own block of the reserved local id range (9100021-9100049; ledger: STRATEGUS_CONVENTIONS.md section 6.1), deliberately outside the ATLAS-demo id range so a future ATLAS assignment cannot collide. Limit=All at all three levels with EndStrategy StartDate+0, so it can answer a lookback-window question and its cohort_end_date equals its cohort_start_date. Named [DVI] from the start so pushing it upstream later is not a rename exercise. Creating it in ATLAS is a separate, explicit, user-initiated action -- the workspace [DVI] tooling is read-only and its one guarded writer handles concept sets, not cohorts. Authored by scripts/author_covariate_cohorts.R.",FALSE
9100027,9100027,[DVI] Ambulatory Status (aid use / impaired ambulation),"COVARIATE: serves BOTH ambu_deficit (Iannuzzi, 3 points) and nonambulatory (Kraiss sVQI-FS, 1 point), 365-day lookback. REVISED -- replaces 9100006 (shared with pad-amp-nhd-prog). Dropped: Abnormal gait and Difficulty walking (gait descriptors, 94 + 18 descendants) and Provision of long cane (a procedure). Kept: Walking aid use, Using wheelchair, Walking disability, Wheelchair (+descendants, 2026-08-03 decision). Added: walker / walking frame / crutch devices, Does mobilize using walker/crutch, Bed-ridden, Confined to chair, Needs walking aid in home, Mobile outside with aid, Impaired wheelchair mobility, Unable to walk, Needs help with walking, Dependent for walking. Two primary criteria (Observation, Device). HIGHEST-RISK translation in this repo -- validate against query_auto_domain_covariate_counts() (the regression test does). alignment_status: LOCAL ONLY -- NOT YET IN ATLAS. Authored 2026-10-05 in this repo's own block of the reserved local id range (9100021-9100049; ledger: STRATEGUS_CONVENTIONS.md section 6.1), deliberately outside the ATLAS-demo id range so a future ATLAS assignment cannot collide. Limit=All at all three levels with EndStrategy StartDate+0, so it can answer a lookback-window question and its cohort_end_date equals its cohort_start_date. Named [DVI] from the start so pushing it upstream later is not a rename exercise. Creating it in ATLAS is a separate, explicit, user-initiated action -- the workspace [DVI] tooling is read-only and its one guarded writer handles concept sets, not cohorts. Authored by scripts/author_covariate_cohorts.R.",FALSE
