bin,predicted,observed
"[0.263,0.332]",0.30549701909093835,0.3076923076923077
"(0.332,0.357]",0.35705495168494883,0.4444444444444444
"(0.357,0.383]",0.3827000060488441,0.4166666666666667
"(0.383,0.409]",0.4090152287690461,0.35714285714285715
"(0.409,0.436]",0.43586229869129683,0.23076923076923078
"(0.436,0.463]",0.46309072265660484,0.3333333333333333
"(0.463,0.491]",0.4905410524041728,0.7142857142857143
"(0.491,0.518]",0.5180485414353061,0.1111111111111111
"(0.518,0.651]",0.578203205703638,0.2222222222222222
