total_score,subject_id,index_date,outcome,score_age_60_69,score_age_70_79,score_age_ge80,score_female,score_nonwhite,score_ambu_deficit,score_tissue_loss,score_anemia,score_insulin_dep,split_set,predicted_risk_lookup,predicted_risk_recalibrated
0,1229,2024-10-23,1,0,0,0,0,0,0,0,0,0,test,0.049,0.26338801851615734
0,213,2022-07-01,0,0,0,0,0,0,0,0,0,0,test,0.049,0.26338801851615734
0,731,1998-04-24,1,0,0,0,0,0,0,0,0,0,train,0.049,0.26338801851615734
0,1159,2020-07-06,0,0,0,0,0,0,0,0,0,0,test,0.049,0.26338801851615734
1,113,2019-02-24,0,0,0,0,1,0,0,0,0,0,test,0.076,0.285290722110964
1,1362,1987-09-17,0,0,0,0,1,0,0,0,0,0,train,0.076,0.285290722110964
1,1093,2025-08-29,0,0,0,0,1,0,0,0,0,0,test,0.076,0.285290722110964
1,465,2024-04-22,0,0,0,0,1,0,0,0,0,0,test,0.076,0.285290722110964
1,21,1982-02-28,0,0,0,0,1,0,0,0,0,0,train,0.076,0.285290722110964
3,771,1982-02-09,1,0,0,0,0,0,3,0,0,0,train,0.1365,0.33220357518583354
3,56,2007-09-19,1,0,0,0,1,2,0,0,0,0,train,0.1365,0.33220357518583354
3,1194,2026-03-19,0,0,0,0,1,0,0,0,2,0,test,0.1365,0.33220357518583354
3,1234,1989-08-07,0,0,0,0,1,0,0,0,2,0,train,0.1365,0.33220357518583354
3,1349,2023-03-28,0,0,0,0,0,0,0,3,0,0,test,0.1365,0.33220357518583354
3,987,2015-02-20,0,0,0,0,0,0,0,3,0,0,train,0.1365,0.33220357518583354
3,427,2018-03-20,0,0,0,0,0,0,0,3,0,0,train,0.1365,0.33220357518583354
3,84,2024-01-08,1,0,0,0,1,0,0,0,2,0,test,0.1365,0.33220357518583354
3,1431,2021-06-14,1,0,0,0,1,2,0,0,0,0,test,0.1365,0.33220357518583354
3,486,2020-02-05,0,0,0,0,0,0,0,3,0,0,test,0.1365,0.33220357518583354
3,1465,2023-02-07,1,0,0,0,1,0,0,0,0,2,test,0.1365,0.33220357518583354
3,1176,2018-04-04,0,0,0,0,1,0,0,0,2,0,train,0.1365,0.33220357518583354
3,777,1994-04-17,0,2,0,0,1,0,0,0,0,0,train,0.1365,0.33220357518583354
3,308,2023-08-18,0,0,0,0,0,0,0,3,0,0,test,0.1365,0.33220357518583354
4,974,2023-02-23,0,0,0,0,1,0,0,3,0,0,test,0.1555,0.35705495168494883
4,36,2024-07-14,1,0,0,0,1,0,0,3,0,0,test,0.1555,0.35705495168494883
4,371,2024-11-05,0,0,0,0,0,2,0,0,0,2,test,0.1555,0.35705495168494883
4,1264,1984-07-03,0,0,0,0,0,2,0,0,2,0,train,0.1555,0.35705495168494883
4,332,2019-08-28,1,0,0,0,1,0,3,0,0,0,test,0.1555,0.35705495168494883
4,527,2015-04-22,0,0,0,0,1,0,0,3,0,0,train,0.1555,0.35705495168494883
4,350,2025-09-20,0,0,0,0,1,0,3,0,0,0,test,0.1555,0.35705495168494883
4,161,2024-06-13,0,0,4,0,0,0,0,0,0,0,test,0.1555,0.35705495168494883
4,1085,2022-03-19,1,0,4,0,0,0,0,0,0,0,test,0.1555,0.35705495168494883
4,1008,2020-12-26,0,0,0,0,0,2,0,0,0,2,test,0.1555,0.35705495168494883
4,691,2019-01-24,1,0,4,0,0,0,0,0,0,0,test,0.1555,0.35705495168494883
5,169,1983-05-07,0,0,0,0,0,0,0,3,0,2,train,0.2705,0.3827000060488441
5,517,1990-03-06,1,0,0,0,0,0,0,3,0,2,train,0.2705,0.3827000060488441
5,400,1993-09-06,0,2,0,0,0,0,0,3,0,0,train,0.2705,0.3827000060488441
5,162,2003-09-21,1,2,0,0,0,0,0,3,0,0,train,0.2705,0.3827000060488441
5,1022,2021-01-11,0,2,0,0,0,0,0,3,0,0,test,0.2705,0.3827000060488441
5,1202,1995-12-14,1,0,0,0,1,0,0,0,2,2,train,0.2705,0.3827000060488441
5,636,1987-09-21,1,0,0,0,0,2,3,0,0,0,train,0.2705,0.3827000060488441
5,1340,2022-11-19,0,0,0,0,0,0,0,3,2,0,test,0.2705,0.3827000060488441
5,788,2022-06-25,1,0,0,0,0,2,3,0,0,0,test,0.2705,0.3827000060488441
5,1024,2007-11-06,0,0,4,0,1,0,0,0,0,0,train,0.2705,0.3827000060488441
5,421,2022-03-23,1,0,0,0,0,0,0,3,0,2,test,0.2705,0.3827000060488441
5,40,2023-05-21,0,2,0,0,0,0,0,3,0,0,test,0.2705,0.3827000060488441
5,844,2024-08-07,0,2,0,0,0,0,3,0,0,0,test,0.2705,0.3827000060488441
5,1076,2026-05-29,0,0,0,0,0,2,3,0,0,0,test,0.2705,0.3827000060488441
5,794,2019-09-11,1,2,0,0,1,0,0,0,0,2,test,0.2705,0.3827000060488441
5,965,2023-05-13,0,0,4,0,1,0,0,0,0,0,test,0.2705,0.3827000060488441
5,747,2026-06-09,1,2,0,0,0,0,3,0,0,0,test,0.2705,0.3827000060488441
5,1439,2024-03-08,0,2,0,0,1,2,0,0,0,0,test,0.2705,0.3827000060488441
5,1381,1997-12-16,0,2,0,0,0,0,0,3,0,0,train,0.2705,0.3827000060488441
5,1065,2023-04-09,1,2,0,0,1,0,0,0,0,2,test,0.2705,0.3827000060488441
5,352,2016-12-10,0,2,0,0,0,0,0,3,0,0,train,0.2705,0.3827000060488441
6,1137,2022-01-02,0,0,0,0,1,0,3,0,2,0,test,0.3045,0.4090152287690461
6,1107,2020-07-20,0,0,0,0,0,2,0,0,2,2,test,0.3045,0.4090152287690461
6,186,2014-08-01,1,0,4,0,0,0,0,0,2,0,train,0.3045,0.4090152287690461
6,1350,2022-09-08,1,2,0,0,0,0,0,0,2,2,test,0.3045,0.4090152287690461
6,1205,2025-02-08,0,2,0,0,1,0,3,0,0,0,test,0.3045,0.4090152287690461
6,1288,1999-12-26,0,0,0,0,1,0,3,0,0,2,train,0.3045,0.4090152287690461
6,71,1993-06-16,1,0,0,0,1,2,3,0,0,0,train,0.3045,0.4090152287690461
6,675,2024-03-17,1,0,0,0,1,0,0,3,0,2,test,0.3045,0.4090152287690461
6,854,2022-09-30,0,0,0,0,1,2,3,0,0,0,test,0.3045,0.4090152287690461
6,608,1993-01-25,1,2,0,0,1,0,3,0,0,0,train,0.3045,0.4090152287690461
6,224,2023-06-09,0,2,0,0,1,0,3,0,0,0,test,0.3045,0.4090152287690461
6,831,2018-10-24,1,0,4,0,0,0,0,0,0,2,test,0.3045,0.4090152287690461
6,1046,2022-04-29,0,2,0,0,0,0,0,0,2,2,test,0.3045,0.4090152287690461
6,530,1998-02-01,0,2,0,0,0,2,0,0,2,0,train,0.3045,0.4090152287690461
6,560,2020-03-31,0,0,0,0,1,2,0,3,0,0,test,0.3045,0.4090152287690461
6,930,2019-03-17,1,2,0,0,1,0,0,3,0,0,test,0.3045,0.4090152287690461
6,764,2018-09-13,1,0,4,0,0,0,0,0,2,0,train,0.3045,0.4090152287690461
6,775,2017-12-28,1,0,0,0,0,0,3,3,0,0,train,0.3045,0.4090152287690461
6,135,2022-08-16,0,0,0,0,1,2,0,3,0,0,test,0.3045,0.4090152287690461
6,708,2018-11-27,1,2,0,0,1,0,0,3,0,0,test,0.3045,0.4090152287690461
6,485,2019-12-30,0,2,0,0,0,0,0,0,2,2,test,0.3045,0.4090152287690461
7,808,2025-11-17,0,2,0,0,1,2,0,0,2,0,test,0.4005,0.43586229869129683
7,245,2003-03-15,0,0,4,0,1,0,0,0,2,0,train,0.4005,0.43586229869129683
7,561,1992-02-04,1,2,0,0,0,0,0,3,0,2,train,0.4005,0.43586229869129683
7,953,2008-09-18,0,0,4,0,0,0,0,3,0,0,train,0.4005,0.43586229869129683
7,1328,2023-05-25,0,2,0,0,1,2,0,0,2,0,test,0.4005,0.43586229869129683
7,928,1996-05-28,1,2,0,0,0,2,3,0,0,0,train,0.4005,0.43586229869129683
7,226,2019-08-01,0,0,0,0,1,0,3,3,0,0,test,0.4005,0.43586229869129683
7,157,1984-05-26,1,0,0,0,1,0,3,3,0,0,train,0.4005,0.43586229869129683
7,1178,2018-02-16,0,0,4,0,1,0,0,0,0,2,train,0.4005,0.43586229869129683
7,816,2022-08-30,0,0,0,0,0,2,0,3,0,2,test,0.4005,0.43586229869129683
7,590,2019-04-08,1,0,0,0,0,0,0,3,2,2,test,0.4005,0.43586229869129683
7,521,2019-03-21,0,0,4,0,0,0,0,3,0,0,test,0.4005,0.43586229869129683
7,1330,2017-02-10,0,0,0,0,1,0,3,3,0,0,train,0.4005,0.43586229869129683
7,31,2018-05-28,1,0,4,0,1,0,0,0,0,2,train,0.4005,0.43586229869129683
7,823,2006-07-18,1,0,4,0,1,0,0,0,0,2,train,0.4005,0.43586229869129683
7,216,2017-05-25,0,2,0,0,0,0,0,3,0,2,train,0.4005,0.43586229869129683
7,1199,2004-03-11,0,0,4,0,1,0,0,0,0,2,train,0.4005,0.43586229869129683
7,405,2015-01-02,0,0,4,0,1,0,0,0,0,2,train,0.4005,0.43586229869129683
7,390,2024-02-03,0,0,0,0,1,0,3,3,0,0,test,0.4005,0.43586229869129683
7,50,2019-10-25,0,0,4,0,0,0,0,3,0,0,test,0.4005,0.43586229869129683
7,305,2025-04-24,0,2,0,0,1,0,0,0,2,2,test,0.4005,0.43586229869129683
7,392,2015-09-24,1,0,4,0,0,0,3,0,0,0,train,0.4005,0.43586229869129683
7,1423,2025-05-17,1,2,0,0,1,2,0,0,0,2,test,0.4005,0.43586229869129683
7,674,2017-01-28,0,0,0,0,0,2,3,0,0,2,train,0.4005,0.43586229869129683
7,1079,2024-12-16,0,0,4,0,0,0,0,3,0,0,test,0.4005,0.43586229869129683
7,1250,2021-05-04,1,0,0,0,0,2,0,3,2,0,test,0.4005,0.43586229869129683
7,362,1994-02-03,0,2,0,0,0,0,3,0,0,2,train,0.4005,0.43586229869129683
7,1366,2019-10-03,0,2,0,0,0,2,3,0,0,0,test,0.4005,0.43586229869129683
8,1468,2022-10-02,1,2,0,0,0,0,3,3,0,0,test,0.4365,0.46309072265660484
8,1405,1990-01-16,1,0,0,0,0,0,3,3,2,0,train,0.4365,0.46309072265660484
8,1104,2019-05-16,0,2,0,0,1,0,3,0,2,0,test,0.4365,0.46309072265660484
8,1170,2004-01-11,0,0,4,0,1,0,3,0,0,0,train,0.4365,0.46309072265660484
8,977,2023-09-24,0,0,0,0,1,2,0,3,0,2,test,0.4365,0.46309072265660484
8,1027,2010-11-02,0,2,0,0,0,2,0,0,2,2,train,0.4365,0.46309072265660484
8,598,2023-02-13,0,2,0,0,1,0,3,0,0,2,test,0.4365,0.46309072265660484
8,1219,2024-01-30,0,2,0,0,1,0,3,0,2,0,test,0.4365,0.46309072265660484
8,972,2025-03-07,0,2,0,0,1,0,3,0,0,2,test,0.4365,0.46309072265660484
8,1356,2001-02-17,0,0,4,0,0,2,0,0,0,2,train,0.4365,0.46309072265660484
8,1143,2017-11-01,0,0,4,0,0,0,0,0,2,2,train,0.4365,0.46309072265660484
8,136,2022-09-29,1,2,0,0,0,2,0,0,2,2,test,0.4365,0.46309072265660484
8,1457,2010-04-08,1,0,4,0,0,0,0,0,2,2,train,0.4365,0.46309072265660484
8,956,1998-07-06,1,0,4,0,1,0,0,3,0,0,train,0.4365,0.46309072265660484
8,314,2018-02-25,0,2,0,0,1,0,0,3,2,0,train,0.4365,0.46309072265660484
8,214,2020-10-22,1,2,0,0,1,0,3,0,0,2,test,0.4365,0.46309072265660484
8,629,2026-07-10,0,2,0,0,1,2,0,3,0,0,test,0.4365,0.46309072265660484
8,963,2025-12-16,1,0,0,0,0,0,3,3,2,0,test,0.4365,0.46309072265660484
8,1347,2023-04-11,0,0,0,0,0,0,3,3,0,2,test,0.4365,0.46309072265660484
8,80,2018-01-19,0,0,4,0,1,0,3,0,0,0,train,0.4365,0.46309072265660484
8,1077,2019-07-26,0,0,4,0,1,0,0,3,0,0,test,0.4365,0.46309072265660484
9,122,2023-11-08,1,2,0,0,0,2,0,3,0,2,test,0.564,0.4905410524041728
9,1006,1989-04-01,0,0,0,0,1,2,3,3,0,0,train,0.564,0.4905410524041728
9,826,2012-12-18,1,2,0,0,0,0,0,3,2,2,train,0.564,0.4905410524041728
9,1322,2006-11-02,1,0,4,0,0,0,0,3,0,2,train,0.564,0.4905410524041728
9,745,1996-07-09,0,2,0,0,0,2,0,3,0,2,train,0.564,0.4905410524041728
9,75,2015-12-06,1,0,4,0,1,0,0,0,2,2,train,0.564,0.4905410524041728
9,183,1992-10-06,0,2,0,0,0,0,3,0,2,2,train,0.564,0.4905410524041728
9,660,2019-04-21,1,0,4,0,0,0,3,0,2,0,test,0.564,0.4905410524041728
9,1134,2026-01-05,1,0,4,0,0,0,0,3,0,2,test,0.564,0.4905410524041728
9,842,1984-11-04,1,0,0,0,0,2,0,3,2,2,train,0.564,0.4905410524041728
9,242,2010-05-05,1,0,4,0,1,2,0,0,0,2,train,0.564,0.4905410524041728
9,526,2018-10-01,0,0,4,0,0,0,0,3,0,2,train,0.564,0.4905410524041728
9,601,2022-05-25,1,0,0,0,1,0,3,3,0,2,test,0.564,0.4905410524041728
9,695,2016-08-10,1,0,4,0,0,0,0,3,0,2,train,0.564,0.4905410524041728
9,96,2003-04-22,0,2,0,0,1,0,3,3,0,0,train,0.564,0.4905410524041728
9,880,2024-01-29,0,2,0,0,0,2,0,3,2,0,test,0.564,0.4905410524041728
9,302,1991-08-21,0,2,0,0,0,2,3,0,0,2,train,0.564,0.4905410524041728
9,518,2018-06-25,1,2,0,0,0,2,0,3,0,2,train,0.564,0.4905410524041728
9,269,1999-06-23,1,0,0,0,0,2,0,3,2,2,train,0.564,0.4905410524041728
9,1451,2024-10-24,1,0,4,0,0,0,0,3,0,2,test,0.564,0.4905410524041728
9,824,2005-05-10,1,0,4,0,0,0,3,0,0,2,train,0.564,0.4905410524041728
9,976,1999-01-05,0,0,4,0,0,0,0,3,0,2,train,0.564,0.4905410524041728
9,48,2020-12-06,0,0,4,0,1,0,0,0,2,2,test,0.564,0.4905410524041728
9,307,2017-07-23,0,0,4,0,0,0,3,0,0,2,train,0.564,0.4905410524041728
10,151,2018-04-21,1,0,0,0,1,2,3,0,2,2,train,0.568,0.5180485414353061
10,647,1999-07-29,0,0,4,0,1,0,0,3,2,0,train,0.568,0.5180485414353061
10,264,2020-06-05,0,2,0,0,0,0,3,3,0,2,test,0.568,0.5180485414353061
10,581,2025-10-01,0,0,4,0,1,0,0,3,2,0,test,0.568,0.5180485414353061
10,653,1995-09-24,0,2,0,0,1,2,3,0,0,2,train,0.568,0.5180485414353061
10,1355,2026-01-08,0,0,4,0,0,2,0,0,2,2,test,0.568,0.5180485414353061
10,413,2005-02-12,0,0,4,0,1,0,0,3,0,2,train,0.568,0.5180485414353061
10,893,2020-12-05,1,0,4,0,1,2,3,0,0,0,test,0.568,0.5180485414353061
10,604,2025-02-14,0,0,4,0,0,0,3,3,0,0,test,0.568,0.5180485414353061
10,1305,2021-05-24,0,2,0,0,1,0,0,3,2,2,test,0.568,0.5180485414353061
10,847,2001-10-05,0,0,4,0,1,2,0,3,0,0,train,0.568,0.5180485414353061
10,263,1998-09-05,0,2,0,0,1,2,0,3,2,0,train,0.568,0.5180485414353061
10,199,1989-01-21,0,2,0,0,0,2,3,3,0,0,train,0.568,0.5180485414353061
10,1302,2026-04-06,0,2,0,0,1,2,0,3,0,2,test,0.568,0.5180485414353061
10,720,2024-06-20,0,0,4,0,1,2,3,0,0,0,test,0.568,0.5180485414353061
10,570,1997-02-20,1,0,4,0,1,0,0,3,0,2,train,0.568,0.5180485414353061
10,1019,2020-10-15,0,2,0,0,0,0,3,3,0,2,test,0.568,0.5180485414353061
10,1214,2013-08-18,0,0,0,0,0,2,3,3,0,2,train,0.568,0.5180485414353061
11,319,2016-08-31,1,0,4,0,1,0,3,3,0,0,train,0.647,0.5454470681040876
11,97,2016-08-14,0,2,0,0,1,0,3,3,0,2,train,0.647,0.5454470681040876
11,381,2014-06-12,1,2,0,0,0,2,0,3,2,2,train,0.647,0.5454470681040876
11,1376,2021-11-09,0,0,4,0,0,2,3,0,0,2,test,0.647,0.5454470681040876
11,964,2026-03-28,0,0,4,0,1,0,3,3,0,0,test,0.647,0.5454470681040876
12,939,2010-06-04,0,0,4,0,0,0,3,3,0,2,train,0.7,0.5725731285156346
12,574,2019-07-01,1,0,4,0,1,0,0,3,2,2,test,0.7,0.5725731285156346
12,415,2001-05-29,1,0,4,0,0,0,3,3,2,0,train,0.7,0.5725731285156346
12,445,2008-11-06,1,0,4,0,0,0,3,3,0,2,train,0.7,0.5725731285156346
12,1146,2021-10-14,0,2,0,0,1,2,0,3,2,2,test,0.7,0.5725731285156346
12,1151,2019-08-07,0,0,4,0,1,2,0,3,2,0,test,0.7,0.5725731285156346
12,155,2012-04-07,1,0,4,0,1,2,3,0,2,0,train,0.7,0.5725731285156346
12,386,1999-04-24,1,0,4,0,1,0,3,0,2,2,train,0.7,0.5725731285156346
12,817,1988-12-17,1,2,0,0,0,0,3,3,2,2,train,0.7,0.5725731285156346
12,863,2015-07-18,0,2,0,0,0,0,3,3,2,2,train,0.7,0.5725731285156346
12,701,2026-03-28,0,0,4,0,1,2,3,0,0,2,test,0.7,0.5725731285156346
12,1070,2024-05-18,1,2,0,0,0,2,3,3,2,0,test,0.7,0.5725731285156346
12,393,2004-03-02,1,0,4,0,0,0,3,3,0,2,train,0.7,0.5725731285156346
12,72,2014-07-29,1,0,4,0,1,0,0,3,2,2,train,0.7,0.5725731285156346
12,1254,2001-11-28,1,2,0,0,1,2,3,0,2,2,train,0.7,0.5725731285156346
12,607,2007-08-11,0,0,4,0,0,0,3,3,2,0,train,0.7,0.5725731285156346
13,910,2022-05-14,0,2,0,0,1,2,3,3,0,2,test,0.745,0.5992696967878777
13,513,1999-11-16,0,0,4,0,0,2,0,3,2,2,train,0.745,0.5992696967878777
14,164,2009-03-06,1,0,4,0,0,2,3,3,0,2,train,0.8249,0.6253897616532921
15,1073,2006-05-29,0,0,4,0,1,2,3,3,0,2,train,0.8249,0.6507993757585169
15,353,2016-09-12,1,2,0,0,1,2,3,3,2,2,train,0.8249,0.6507993757585169
15,408,2021-06-29,0,0,4,0,1,2,3,3,0,2,test,0.8249,0.6507993757585169
15,1020,2008-02-01,1,0,4,0,1,2,3,3,2,0,train,0.8249,0.6507993757585169
