"score_id","covariate_id","n_positive_domain","n_positive_cohort","delta","expected"
"iannuzzi","age_60_69",64,64,0,FALSE
"iannuzzi","age_70_79",66,66,0,FALSE
"iannuzzi","age_ge80",0,0,0,FALSE
"iannuzzi","ambu_deficit",75,75,0,FALSE
"iannuzzi","anemia",60,60,0,FALSE
"iannuzzi","female",96,96,0,FALSE
"iannuzzi","insulin_dep",89,89,0,FALSE
"iannuzzi","nonwhite",62,62,0,FALSE
"iannuzzi","tissue_loss",98,98,0,FALSE
"mfi5","chf",62,60,-2,TRUE
"mfi5","copd",68,68,0,FALSE
"mfi5","dm",169,169,0,TRUE
"mfi5","fs_dep",55,55,0,FALSE
"mfi5","htn",164,107,-57,TRUE
"vqifs","anemia",131,131,0,FALSE
"vqifs","cad",46,39,-7,TRUE
"vqifs","chf",111,111,0,TRUE
"vqifs","copd",68,68,0,FALSE
"vqifs","dm",169,169,0,TRUE
"vqifs","htn",164,107,-57,TRUE
"vqifs","nonambulatory",89,89,0,FALSE
"vqifs","pvd",168,168,0,FALSE
"vqifs","renal_impairment",89,89,0,FALSE
"vqifs","underweight",15,15,0,FALSE
