"subject_id","discharge_type"
31,"SNF"
36,"SNF"
56,"SNF"
71,"SNF"
72,"SNF"
75,"SNF"
84,"SNF"
122,"SNF"
136,"SNF"
151,"SNF"
155,"SNF"
157,"SNF"
162,"IRF"
164,"SNF"
186,"SNF"
214,"SNF"
242,"IRF"
269,"SNF"
319,"SNF"
332,"IRF"
353,"SNF"
381,"SNF"
386,"SNF"
392,"SNF"
393,"SNF"
415,"SNF"
421,"IRF"
445,"IRF"
517,"SNF"
518,"IRF"
561,"SNF"
570,"IRF"
574,"SNF"
590,"SNF"
601,"SNF"
608,"SNF"
636,"SNF"
660,"SNF"
675,"SNF"
691,"SNF"
695,"SNF"
708,"SNF"
731,"IRF"
747,"SNF"
764,"SNF"
771,"IRF"
775,"IRF"
788,"SNF"
794,"IRF"
817,"IRF"
823,"SNF"
824,"IRF"
826,"IRF"
831,"SNF"
842,"SNF"
893,"IRF"
928,"IRF"
930,"SNF"
956,"IRF"
963,"SNF"
1020,"IRF"
1065,"SNF"
1070,"IRF"
1085,"SNF"
1134,"SNF"
1202,"IRF"
1229,"SNF"
1250,"SNF"
1254,"IRF"
1322,"IRF"
1350,"SNF"
1405,"IRF"
1423,"SNF"
1431,"IRF"
1451,"SNF"
1457,"SNF"
1465,"SNF"
1468,"IRF"
