"proc_group","cpt_code","cpt_description","case_count"
"AKA (transfemoral)","27590","Amputation, thigh, through femur, any level",0
"AKA (transfemoral)","27591","Amputation, thigh, through femur, any level; immediate fitting technique including first cast",0
"AKA (transfemoral)","27592","Amputation, thigh, through femur, any level; open, circular (guillotine)",0
"AKA (transfemoral)","27594","Amputation, thigh, through femur, any level; secondary closure or scar revision",0
"AKA (transfemoral)","27596","Amputation, thigh, through femur, any level; re-amputation",0
"Ankle disarticulation","27888","Amputation, ankle, through malleoli of tibia and fibula (eg, Syme, Pirogoff type procedures), with plastic closure and resection of nerves",0
"Ankle disarticulation","27889","Ankle disarticulation",0
"BKA (transtibial)","27880","Amputation, leg, through tibia and fibula",0
"BKA (transtibial)","27881","Amputation, leg, through tibia and fibula; with immediate fitting technique including application of first cast",0
"BKA (transtibial)","27882","Amputation, leg, through tibia and fibula; open, circular (guillotine)",0
"BKA (transtibial)","27884","Amputation, leg, through tibia and fibula; secondary closure or scar revision",0
"BKA (transtibial)","27886","Amputation, leg, through tibia and fibula; re-amputation",0
"Hemipelvectomy","27290","Interpelviabdominal amputation (hindquarter amputation)",0
"Hip disarticulation","27295","Disarticulation of hip",0
"Hip disarticulation","L5250","Hip disarticulation, canadian type; molded socket, hip joint, single axis constant friction knee, shin, sach foot",0
"Hip disarticulation","L5270","Hip disarticulation, tilt table type; molded socket, locking hip joint, single axis constant friction knee, shin, sach foot",0
"Hip disarticulation","L5330","Hip disarticulation, canadian type; molded socket, endoskeletal system, hip joint, single axis knee, sach foot, including soft cover and finishing (Deprecated)",0
"Hip disarticulation","L5331","Hip disarticulation, canadian type, molded socket, endoskeletal system, hip joint, single axis knee, sach foot",0
"Knee disarticulation","27598","Disarticulation at knee",0
"Knee disarticulation","L5310","Knee disarticulation (or through knee), molded socket, sach foot endoskeletal system, including soft cover and finishing (Deprecated)",0
"Knee disarticulation","L5311","Knee disarticulation (or through knee), molded socket, external knee joints, shin, sach foot, endoskeletal system (Deprecated)",0
